{"stats":{"minecraft:mined":{"minecraft:grass":1},"minecraft:custom":{"minecraft:jump":34,"minecraft:intelligence":0,"minecraft:time_since_rest":2110,"minecraft:energy":50,"minecraft:magic_shield":0,"minecraft:leave_game":2,"minecraft:play_time":2110,"minecraft:health":70,"minecraft:sprint_one_cm":8281,"minecraft:time_since_death":2110,"minecraft:move_speed":0,"minecraft:walk_one_cm":2660,"minecraft:strength":0,"minecraft:sneak_time":22,"minecraft:total_world_time":2110,"minecraft:mana":50,"minecraft:fall_one_cm":1615,"minecraft:fly_one_cm":9460,"minecraft:dexterity":0,"minecraft:blood":0},"minecraft:picked_up":{"minecraft:rotten_flesh":2}},"DataVersion":3465}