{"stats":{"minecraft:picked_up":{"minecraft:crafting_table":1,"minecraft:lead":1,"minecraft:potion":1,"ecologics:coconut_boat":1,"scalinghealth:heart_crystal":1,"minecraft:glass":7,"minecraft:kelp":160,"minecraft:bow":2,"scalinghealth:power_crystal_shard":1,"ecologics:crab_claw":2,"minecraft:furnace":1,"minecraft:stick":10,"biomesoplenty:redwood_boat":1,"ecologics:coconut_slice":48,"minecraft:torch":2,"ecologics:coconut_seedling":15,"minecraft:sand":8,"minecraft:rotten_flesh":2,"mmorpg:gems/ruby/0":1,"ecologics:coconut_log":50,"realisticforging:raw_iron_ore":3,"tombstone:essence_of_undeath":1,"spelunkers_charm:rock":1,"minecraft:coal":22,"minecraft:cobblestone":42},"minecraft:used":{"minecraft:stone_sword":31,"minecraft:glass_bottle":11,"minecraft:stone_pickaxe":53,"minecraft:dried_kelp":1,"minecraft:wooden_pickaxe":6,"minecraft:iron_sword":65,"minecraft:torch":3,"scalinghealth:heart_crystal":1,"minecraft:crafting_table":4,"minecraft:wooden_axe":18,"biomesoplenty:redwood_boat":1,"minecraft:barrel":2,"minecraft:stone_axe":22,"ecologics:coconut_slice":15,"minecraft:cobblestone":2,"minecraft:potion":6,"ecologics:coconut_boat":2,"minecraft:furnace":2,"tombstone:gift":1,"ecologics:coconut_seedling":18},"minecraft:crafted":{"minecraft:glass_bottle":6,"minecraft:barrel":2,"minecraft:crafting_table":3,"ecologics:coconut_planks":60,"minecraft:dried_kelp":26,"minecraft:wooden_pickaxe":1,"minecraft:furnace":2,"minecraft:stone_axe":1,"minecraft:air":0,"minecraft:charcoal":2,"minecraft:stick":8,"ecologics:coconut_slab":12,"minecraft:stone_pickaxe":1,"minecraft:wooden_axe":1,"minecraft:stone_sword":1,"minecraft:torch":4,"ecologics:coconut_boat":1},"minecraft:dropped":{"minecraft:torch":1,"minecraft:wooden_axe":1,"minecraft:potion":3,"minecraft:bow":1},"minecraft:custom":{"minecraft:blood":0,"minecraft:interact_with_furnace":8,"minecraft:mob_kills":16,"minecraft:dexterity":5,"minecraft:intelligence":6,"minecraft:move_speed":0,"minecraft:interact_with_crafting_table":12,"minecraft:open_barrel":3,"minecraft:leave_game":1,"minecraft:time_since_death":32123,"minecraft:levels_gained":3,"minecraft:mana":130,"minecraft:time_since_rest":31887,"minecraft:magic_shield":0,"minecraft:sprint_one_cm":119924,"minecraft:damage_taken":829,"minecraft:walk_one_cm":68988,"minecraft:drop":6,"minecraft:damage_dealt":2911,"minecraft:health":146,"minecraft:swim_one_cm":53426,"minecraft:fly_one_cm":86903,"minecraft:crouch_one_cm":862,"minecraft:play_time":41785,"tombstone:undead_killed":7,"minecraft:deaths":1,"minecraft:sneak_time":919,"minecraft:walk_under_water_one_cm":26803,"minecraft:boat_one_cm":196571,"minecraft:jump":455,"minecraft:energy":120,"minecraft:strength":11,"minecraft:walk_on_water_one_cm":25361,"minecraft:total_world_time":41785,"minecraft:fall_one_cm":9372},"minecraft:mined":{"minecraft:kelp_plant":27,"minecraft:crafting_table":1,"minecraft:torch":1,"minecraft:kelp":3,"minecraft:tall_seagrass":2,"minecraft:furnace":1,"minecraft:iron_ore":1,"treechop:chopped_log":5,"minecraft:coal_ore":12,"minecraft:sand":8,"minecraft:stone":44,"spelunkers_charm:rock_pile_1":1,"minecraft:fern":1},"minecraft:killed":{"cataclysm:deepling_angler":2,"minecraft:zombie_villager":2,"naturalist:butterfly":2,"ecologics:coconut_crab":12,"minecraft:drowned":12}},"DataVersion":3465}