{"stats":{"minecraft:mined":{"minecraft:grass":1},"minecraft:killed":{"minecraft:sheep":6,"minecraft:skeleton":2,"minecraft:spider":4,"minecraft:zombie":2},"minecraft:used":{"minecraft:bow":2,"minecraft:iron_sword":12},"minecraft:killed_by":{"minecraft:spider":1},"minecraft:custom":{"minecraft:crouch_one_cm":276,"minecraft:time_since_rest":1,"tombstone:undead_killed":2,"minecraft:blood":0,"minecraft:magic_shield":0,"minecraft:deaths":1,"minecraft:sprint_one_cm":54883,"minecraft:damage_taken":295,"minecraft:walk_one_cm":23962,"minecraft:sneak_time":217,"minecraft:mob_kills":7,"minecraft:dexterity":5,"minecraft:jump":212,"minecraft:intelligence":6,"minecraft:energy":100,"minecraft:damage_dealt":3382,"minecraft:leave_game":3,"minecraft:health":121,"minecraft:time_since_death":2055,"minecraft:move_speed":0,"minecraft:strength":10,"minecraft:total_world_time":10239,"minecraft:mana":110,"minecraft:fall_one_cm":6397,"minecraft:fly_one_cm":56733,"minecraft:play_time":10239},"minecraft:picked_up":{"minecraft:arrow":2,"minecraft:bone":2,"minecraft:rotten_flesh":2,"minecraft:brown_wool":1,"minecraft:bow":1,"mmorpg:weapon/staff/wood":1,"minecraft:mutton":5,"minecraft:iron_sword":1,"minecraft:white_wool":2}},"DataVersion":3465}