{"stats":{"minecraft:picked_up":{"biomesoplenty:redwood_log":8,"minecraft:crafting_table":1,"ecologics:coconut_planks":3,"minecraft:lead":1,"minecraft:enchanted_book":1,"minecraft:potion":1,"ecologics:coconut_boat":3,"scalinghealth:heart_crystal":1,"minecraft:glass":7,"minecraft:kelp":161,"minecraft:bow":2,"scalinghealth:power_crystal_shard":1,"biomesoplenty:redwood_wood":575,"ecologics:crab_claw":2,"minecraft:furnace":1,"minecraft:stick":56,"biomesoplenty:redwood_boat":1,"ecologics:coconut_slice":48,"minecraft:torch":2,"ecologics:coconut_seedling":15,"minecraft:sand":8,"minecraft:bundle":1,"minecraft:rotten_flesh":13,"mmorpg:gems/ruby/0":1,"ecologics:coconut_log":60,"realisticforging:raw_iron_ore":11,"tombstone:essence_of_undeath":1,"biomesoplenty:redwood_sapling":146,"spelunkers_charm:rock":1,"minecraft:coal":22,"minecraft:cobblestone":43},"minecraft:used":{"minecraft:stone_sword":48,"biomesoplenty:redwood_planks":61,"minecraft:bundle":1,"minecraft:glass_bottle":11,"minecraft:stone_pickaxe":57,"minecraft:dried_kelp":1,"minecraft:wooden_pickaxe":6,"minecraft:iron_sword":102,"minecraft:torch":5,"scalinghealth:heart_crystal":1,"minecraft:crafting_table":4,"ecologics:crab_meat":2,"minecraft:glass":1,"minecraft:wooden_axe":18,"biomesoplenty:redwood_boat":1,"minecraft:barrel":2,"minecraft:stone_axe":30,"ecologics:coconut_slice":18,"minecraft:cobblestone":8,"minecraft:potion":7,"ecologics:coconut_boat":4,"minecraft:furnace":2,"tombstone:gift":2,"ecologics:coconut_seedling":18,"biomesoplenty:redwood_stairs":7},"minecraft:crafted":{"minecraft:glass_bottle":6,"minecraft:barrel":2,"minecraft:crafting_table":3,"ecologics:coconut_planks":60,"biomesoplenty:redwood_planks":256,"minecraft:dried_kelp":64,"minecraft:wooden_pickaxe":1,"minecraft:furnace":2,"minecraft:stone_axe":1,"minecraft:air":0,"minecraft:charcoal":2,"minecraft:stick":8,"ecologics:coconut_slab":12,"minecraft:stone_pickaxe":1,"minecraft:wooden_axe":1,"minecraft:stone_sword":1,"biomesoplenty:redwood_stairs":8,"minecraft:torch":4,"ecologics:coconut_boat":1,"ecologics:crab_meat":2},"minecraft:dropped":{"ecologics:coconut_planks":3,"minecraft:rotten_flesh":1,"minecraft:torch":1,"minecraft:wooden_axe":1,"minecraft:potion":3,"minecraft:bow":1},"minecraft:custom":{"minecraft:blood":0,"minecraft:interact_with_furnace":18,"minecraft:mob_kills":20,"minecraft:dexterity":5,"minecraft:intelligence":6,"minecraft:move_speed":0,"minecraft:interact_with_crafting_table":13,"minecraft:open_barrel":26,"minecraft:leave_game":1,"minecraft:time_since_death":56123,"minecraft:levels_gained":3,"minecraft:mana":130,"minecraft:time_since_rest":55887,"minecraft:magic_shield":0,"minecraft:sprint_one_cm":151274,"minecraft:damage_taken":1345,"minecraft:walk_one_cm":88066,"minecraft:drop":8,"minecraft:damage_dealt":3777,"minecraft:health":176,"minecraft:swim_one_cm":89776,"minecraft:fly_one_cm":114306,"minecraft:crouch_one_cm":983,"minecraft:play_time":65785,"tombstone:undead_killed":10,"minecraft:deaths":1,"minecraft:sneak_time":1312,"minecraft:walk_under_water_one_cm":47838,"minecraft:boat_one_cm":322298,"minecraft:jump":666,"minecraft:energy":120,"minecraft:strength":17,"minecraft:walk_on_water_one_cm":56098,"minecraft:total_world_time":65785,"minecraft:fall_one_cm":12145},"minecraft:mined":{"minecraft:kelp_plant":27,"minecraft:crafting_table":1,"minecraft:torch":1,"minecraft:kelp":3,"minecraft:tall_seagrass":2,"minecraft:furnace":1,"minecraft:iron_ore":4,"treechop:chopped_log":6,"minecraft:coal_ore":12,"minecraft:sand":8,"minecraft:stone":45,"spelunkers_charm:rock_pile_1":1,"minecraft:fern":1},"minecraft:killed":{"cataclysm:deepling_angler":2,"minecraft:zombie_villager":2,"naturalist:butterfly":2,"ecologics:coconut_crab":12,"minecraft:drowned":18}},"DataVersion":3465}