{"stats":{"minecraft:crafted":{"minecraft:crafting_table":1,"minecraft:stick":4,"minecraft:wooden_pickaxe":1,"minecraft:stone_pickaxe":1,"minecraft:furnace":1,"biomesoplenty:magic_planks":32,"minecraft:air":0,"minecraft:cooked_mutton":5},"minecraft:killed_by":{"minecraft:spider":1},"minecraft:custom":{"minecraft:time_since_rest":23506,"minecraft:blood":0,"minecraft:magic_shield":0,"minecraft:interact_with_furnace":10,"minecraft:sprint_one_cm":104841,"minecraft:damage_taken":1383,"minecraft:walk_one_cm":67675,"minecraft:mob_kills":10,"minecraft:dexterity":5,"minecraft:intelligence":6,"minecraft:damage_dealt":3617,"minecraft:health":131,"minecraft:move_speed":0,"minecraft:swim_one_cm":40448,"minecraft:interact_with_crafting_table":3,"minecraft:fly_one_cm":125005,"minecraft:crouch_one_cm":1867,"minecraft:play_time":39974,"tombstone:undead_killed":5,"minecraft:deaths":2,"minecraft:sneak_time":1520,"minecraft:walk_under_water_one_cm":19456,"minecraft:jump":567,"minecraft:energy":110,"minecraft:leave_game":12,"minecraft:time_since_death":25659,"minecraft:walk_on_water_one_cm":8281,"minecraft:strength":10,"minecraft:climb_one_cm":2038,"minecraft:total_world_time":39974,"minecraft:levels_gained":2,"minecraft:fall_one_cm":17980,"minecraft:mana":120},"minecraft:mined":{"biomesoplenty:magic_leaves":1,"minecraft:furnace":1,"occultism:otherstone_natural":3,"minecraft:iron_ore":2,"treechop:chopped_log":1,"minecraft:crafting_table":1,"minecraft:coal_ore":18,"minecraft:grass":2,"minecraft:grass_block":1,"minecraft:vine":1,"minecraft:sand":3,"minecraft:red_mushroom_block":1,"minecraft:stone":19,"minecraft:white_wool":1},"minecraft:picked_up":{"minecraft:crafting_table":1,"biomesoplenty:magic_sapling":3,"mmorpg:material/mining/0":1,"minecraft:andesite":3,"minecraft:brown_wool":1,"minecraft:wooden_pickaxe":1,"minecraft:sand":3,"mmorpg:weapon/staff/wood":1,"minecraft:dirt":1,"minecraft:iron_shovel":1,"minecraft:bone":5,"minecraft:arrow":3,"minecraft:rotten_flesh":5,"minecraft:bow":1,"realisticforging:raw_iron_ore":5,"biomesoplenty:magic_log":8,"minecraft:furnace":1,"minecraft:mutton":5,"minecraft:iron_sword":1,"minecraft:coal":18,"minecraft:white_wool":3,"minecraft:cobblestone":35,"mmorpg:gems/opal/0":1},"minecraft:killed":{"minecraft:sheep":6,"minecraft:skeleton":2,"minecraft:zombie":4,"minecraft:drowned":2,"minecraft:spider":4,"minecraft:skeleton_horse":2},"minecraft:used":{"minecraft:stone_pickaxe":26,"minecraft:wooden_pickaxe":18,"minecraft:iron_sword":18,"minecraft:white_wool":2,"minecraft:dirt":1,"minecraft:bow":2,"minecraft:crafting_table":1,"minecraft:furnace":1,"minecraft:cooked_mutton":3}},"DataVersion":3465}