{"stats":{"minecraft:picked_up":{"minecraft:wooden_axe":1,"biomesoplenty:redwood_log":8,"minecraft:charcoal":46,"minecraft:crafting_table":3,"minecraft:lead":2,"minecraft:potion":3,"minecraft:enchanted_book":1,"ecologics:coconut_boat":3,"minecraft:shield":3,"minecraft:string":3,"realisticforging:smithing_hammer":2,"bosses_of_mass_destruction:soul_star":1,"biomesoplenty:redwood_wood":694,"ecologics:crab_claw":3,"minecraft:iron_boots":1,"minecraft:furnace":2,"minecraft:stick":200,"biomesoplenty:redwood_boat":5,"ecologics:coconut_slice":50,"minecraft:copper_ingot":1,"minecraft:torch":13,"ecologics:coconut_seedling":15,"minecraft:dried_kelp":29,"minecraft:diorite":8,"tombstone:grave_dust":2,"minecraft:trident":1,"mmorpg:skill_gems/support/int":1,"biomesoplenty:redwood_planks":25,"minecraft:rotten_flesh":24,"ecologics:coconut_log":60,"minecraft:iron_block":1,"realisticforging:raw_iron_ore":51,"tombstone:essence_of_undeath":1,"biomesoplenty:redwood_sapling":146,"ad_astra:hammer":1,"minecraft:cobblestone":124,"occultism:datura_seeds":7,"minecraft:magma_block":1,"realisticforging:two_sticks":1,"ecologics:coconut_planks":3,"biomesoplenty:redwood_door":2,"minecraft:flint":1,"scalinghealth:bandages":1,"scalinghealth:heart_crystal":2,"quark:limestone":24,"minecraft:lapis_lazuli":29,"minecraft:dirt":75,"minecraft:glass":7,"minecraft:kelp":168,"minecraft:bow":10,"minecraft:wheat_seeds":12,"minecraft:iron_ingot":7,"scalinghealth:power_crystal_shard":1,"realisticforging:cleanedironore":11,"epicsamurai:aquamarine":7,"patchouli:guide_book":1,"realisticforging:hotrawironore":3,"minecraft:gravel":4,"minecraft:sand":8,"mmorpg:rare_mats/mining/medium":1,"mmorpg:weapon/staff/wood":1,"minecraft:spider_eye":1,"cataclysm:lionfish":1,"minecraft:bundle":3,"biomesoplenty:redwood_stairs":1,"mmorpg:plate_set":1,"realisticforging:blacksmithstongs":1,"mmorpg:gems/ruby/0":1,"ageofweapons:iron_stick":2,"minecraft:iron_helmet":1,"minecraft:granite":6,"minecraft:crossbow":1,"tombstone:magic_scroll":1,"epicsamurai:ruby":6,"spelunkers_charm:rock":2,"realisticforging:big_stone":1,"minecraft:coal":42},"minecraft:crafted":{"minecraft:barrel":5,"minecraft:iron_nugget":9,"ecologics:coconut_planks":60,"minecraft:furnace":2,"minecraft:blast_furnace":1,"biomesoplenty:redwood_slab":6,"minecraft:stone":39,"realisticforging:smithing_stone_hammer":2,"minecraft:iron_axe":1,"realisticforging:two_sticks":8,"ecologics:coconut_slab":12,"minecraft:stone_pickaxe":1,"biomesoplenty:redwood_stairs":12,"minecraft:stone_hoe":1,"ecologics:coconut_boat":1,"ecologics:crab_meat":2,"minecraft:glass_bottle":6,"minecraft:crafting_table":5,"biomesoplenty:redwood_door":15,"biomesoplenty:redwood_planks":256,"minecraft:dried_kelp":192,"minecraft:wooden_pickaxe":1,"minecraft:stone_axe":1,"minecraft:air":0,"realisticforging:smithing_anvil":1,"realisticforging:hotrawironore":34,"minecraft:iron_chestplate":1,"minecraft:charcoal":169,"minecraft:stick":8,"minecraft:iron_ingot":9,"realisticforging:blacksmithstongs":1,"minecraft:iron_pickaxe":1,"minecraft:iron_leggings":1,"minecraft:wooden_axe":1,"minecraft:iron_block":1,"minecraft:stone_sword":1,"minecraft:iron_shovel":1,"minecraft:torch":20},"minecraft:used":{"minecraft:trident":3,"minecraft:stone_sword":131,"biomesoplenty:redwood_door":17,"minecraft:iron_shovel":74,"biomesoplenty:redwood_planks":125,"minecraft:dried_kelp":20,"minecraft:stone":1,"minecraft:iron_sword":253,"minecraft:stone_hoe":27,"minecraft:torch":20,"minecraft:dirt":26,"scalinghealth:heart_crystal":2,"ecologics:crab_meat":2,"minecraft:glass":1,"minecraft:wooden_axe":18,"minecraft:iron_axe":7,"minecraft:iron_boots":1,"biomesoplenty:redwood_boat":3,"minecraft:barrel":5,"minecraft:furnace":2,"ecologics:coconut_boat":4,"tombstone:gift":4,"ecologics:coconut_seedling":18,"minecraft:wheat_seeds":12,"minecraft:bundle":1,"minecraft:glass_bottle":34,"minecraft:stone_pickaxe":58,"realisticforging:smithing_anvil":1,"minecraft:wooden_pickaxe":6,"minecraft:crafting_table":8,"minecraft:blast_furnace":1,"realisticforging:big_stone":1,"minecraft:iron_pickaxe":164,"minecraft:gravel":3,"minecraft:stone_axe":30,"ecologics:coconut_slice":54,"minecraft:cobblestone":8,"minecraft:potion":31,"biomesoplenty:redwood_stairs":13},"minecraft:dropped":{"minecraft:iron_ingot":7,"mmorpg:invisible_item":1,"realisticforging:raw_iron_ore":2,"realisticforging:smithing_stone_hammer":1,"minecraft:copper_ingot":1,"minecraft:stick":2,"tombstone:magic_scroll":1,"minecraft:torch":1,"minecraft:wooden_axe":2,"realisticforging:smithing_hammer":1,"minecraft:potion":4,"realisticforging:blacksmithstongs":1,"ad_astra:hammer":1,"minecraft:gravel":1,"minecraft:stone_axe":2,"ecologics:coconut_planks":3,"minecraft:iron_nugget":3,"minecraft:rotten_flesh":2,"mmorpg:plate_set":1,"minecraft:shield":1,"minecraft:bow":1},"minecraft:custom":{"minecraft:blood":0,"minecraft:mob_kills":40,"minecraft:dexterity":6,"minecraft:interact_with_crafting_table":39,"minecraft:open_barrel":87,"minecraft:leave_game":4,"minecraft:time_since_death":38923,"minecraft:mana":154,"minecraft:magic_shield":0,"minecraft:sprint_one_cm":258124,"minecraft:walk_one_cm":321949,"minecraft:drop":37,"minecraft:health":244,"minecraft:play_time":185097,"minecraft:deaths":2,"minecraft:sneak_time":5577,"minecraft:walk_under_water_one_cm":153461,"minecraft:boat_one_cm":762136,"tombstone:tomb_raiding":1,"minecraft:jump":1358,"minecraft:energy":150,"minecraft:interact_with_blast_furnace":3,"minecraft:walk_on_water_one_cm":110160,"minecraft:total_world_time":185097,"minecraft:interact_with_furnace":159,"minecraft:intelligence":6,"minecraft:move_speed":0,"minecraft:levels_gained":5,"minecraft:time_since_rest":37153,"minecraft:damage_taken":5295,"minecraft:damage_dealt":7572,"minecraft:swim_one_cm":265192,"minecraft:fly_one_cm":177958,"minecraft:crouch_one_cm":9614,"tombstone:undead_killed":26,"minecraft:strength":19,"minecraft:fall_one_cm":21822},"minecraft:broken":{"minecraft:stone_sword":1},"minecraft:mined":{"minecraft:granite":5,"minecraft:grass_block":20,"realisticforging:big_stone":1,"minecraft:kelp":3,"minecraft:tall_seagrass":2,"minecraft:magma_block":1,"minecraft:furnace":2,"minecraft:iron_ore":20,"minecraft:fire":6,"treechop:chopped_log":6,"biomesoplenty:redwood_stairs":1,"biomesoplenty:redwood_door":1,"quark:limestone":21,"minecraft:stone":116,"spelunkers_charm:rock_pile_1":1,"biomesoplenty:redwood_planks":2,"minecraft:kelp_plant":31,"minecraft:crafting_table":3,"minecraft:torch":3,"minecraft:tall_grass":11,"minecraft:lapis_ore":5,"minecraft:diorite":9,"minecraft:wall_torch":2,"epicsamurai:aquamarine_ore":7,"minecraft:grass":93,"minecraft:coal_ore":32,"minecraft:gravel":5,"minecraft:sand":8,"minecraft:dirt":55,"epicsamurai:ruby_ore":6,"minecraft:fern":1},"minecraft:killed_by":{"cave_dweller:cave_dweller":1},"minecraft:killed":{"ecologics:coconut_crab":12,"minecraft:drowned":50,"cataclysm:lionfish":2,"cataclysm:deepling_angler":4,"minecraft:zombie_villager":2,"naturalist:butterfly":2,"cataclysm:deepling":2,"minecraft:player":2}},"DataVersion":3465}