{"stats":{"minecraft:picked_up":{"hogcraft:galleon":4,"minecraft:andesite":4,"minecraft:brown_mushroom":32,"minecraft:red_mushroom":34,"minecraft:oak_log":10,"scalinghealth:heart_crystal":2,"minecraft:dirt":28,"glowroot:squid_tentacle":1,"minecraft:bone":6,"minecraft:stone_pickaxe":2,"minecraft:poppy":2,"minecraft:dark_oak_sapling":3,"minecraft:stick":9,"minecraft:torch":6,"minecraft:gravel":9,"epicfight:skillbook":1,"minecraft:sand":4,"minecraft:ink_sac":2,"tombstone:grave_dust":3,"minecraft:diorite":5,"minecraft:dark_oak_log":42,"minecraft:arrow":3,"minecraft:rotten_flesh":6,"realisticforging:raw_iron_ore":11,"werewolves:cracked_bone":1,"minecraft:oak_sapling":2,"minecraft:glow_berries":7,"minecraft:coal":11,"minecraft:cobblestone":159},"minecraft:dropped":{"minecraft:cobblestone":3,"minecraft:torch":1,"minecraft:potion":1,"minecraft:stone_pickaxe":2},"minecraft:mined":{"minecraft:torch":1,"minecraft:grass_block":2,"spelunkers_charm:dead_grass":1,"minecraft:tall_grass":1,"minecraft:cobblestone":3,"minecraft:diorite":5,"minecraft:wall_torch":5,"minecraft:iron_ore":5,"minecraft:andesite":5,"treechop:chopped_log":8,"minecraft:grass":2,"minecraft:coal_ore":11,"minecraft:gravel":9,"minecraft:sand":4,"minecraft:dirt":12,"minecraft:red_mushroom_block":4,"minecraft:stone":143,"bushierflowers:grown_poppy":1},"minecraft:custom":{"minecraft:interact_with_furnace":12,"minecraft:mob_kills":15,"tombstone:raider_killed":1,"minecraft:interact_with_crafting_table":13,"minecraft:time_since_death":7403,"minecraft:climb_one_cm":400,"minecraft:time_since_rest":7318,"minecraft:sprint_one_cm":96995,"minecraft:damage_taken":1137,"minecraft:walk_one_cm":365147,"minecraft:drop":7,"minecraft:damage_dealt":2964,"minecraft:damage_dealt_absorbed":20,"minecraft:swim_one_cm":7278,"minecraft:fly_one_cm":32390,"minecraft:open_chest":16,"minecraft:crouch_one_cm":10714,"minecraft:play_time":53006,"tombstone:undead_killed":13,"minecraft:deaths":5,"minecraft:sneak_time":1390,"minecraft:walk_under_water_one_cm":2115,"minecraft:jump":615,"minecraft:walk_on_water_one_cm":10548,"minecraft:total_world_time":53006,"minecraft:fall_one_cm":6847},"minecraft:crafted":{"minecraft:glass_bottle":3,"minecraft:oak_planks":40,"minecraft:wooden_shovel":1,"minecraft:crafting_table":2,"minecraft:wooden_pickaxe":1,"minecraft:bowl":4,"minecraft:furnace":1,"minecraft:mushroom_stew":3,"minecraft:stone_axe":1,"minecraft:air":0,"minecraft:dark_oak_door":6,"minecraft:glass":4,"minecraft:charcoal":26,"minecraft:stick":24,"quark:oak_chest":1,"minecraft:stone_pickaxe":1,"minecraft:wooden_axe":1,"minecraft:stone_sword":2,"minecraft:dark_oak_planks":56,"minecraft:torch":28},"minecraft:killed":{"minecraft:squid":2,"minecraft:skeleton":12,"minecraft:pillager":2,"minecraft:zombie":14},"minecraft:used":{"epicfight:skillbook":1,"minecraft:stone_sword":66,"minecraft:glass_bottle":3,"minecraft:stone_pickaxe":155,"minecraft:poppy":2,"minecraft:wooden_pickaxe":17,"minecraft:wooden_shovel":4,"minecraft:rotten_flesh":1,"minecraft:torch":31,"minecraft:dirt":7,"scalinghealth:heart_crystal":1,"minecraft:crafting_table":2,"minecraft:mushroom_stew":1,"minecraft:wooden_axe":36,"minecraft:gravel":3,"minecraft:stone_axe":19,"minecraft:cobblestone":47,"minecraft:furnace":1,"tombstone:gift":5,"quark:oak_chest":1}},"DataVersion":3465}