{"stats":{"minecraft:picked_up":{"minecraft:crafting_table":1,"ecologics:coconut_planks":3,"minecraft:lead":1,"minecraft:enchanted_book":1,"minecraft:potion":1,"ecologics:coconut_boat":1,"scalinghealth:heart_crystal":1,"minecraft:glass":7,"minecraft:kelp":161,"minecraft:bow":2,"scalinghealth:power_crystal_shard":1,"ecologics:crab_claw":2,"minecraft:furnace":1,"minecraft:stick":10,"biomesoplenty:redwood_boat":1,"ecologics:coconut_slice":48,"minecraft:torch":2,"ecologics:coconut_seedling":15,"minecraft:sand":8,"minecraft:bundle":1,"minecraft:rotten_flesh":4,"mmorpg:gems/ruby/0":1,"ecologics:coconut_log":50,"realisticforging:raw_iron_ore":3,"tombstone:essence_of_undeath":1,"spelunkers_charm:rock":1,"minecraft:coal":22,"minecraft:cobblestone":42},"minecraft:used":{"minecraft:stone_sword":48,"minecraft:bundle":1,"minecraft:glass_bottle":11,"minecraft:stone_pickaxe":53,"minecraft:dried_kelp":1,"minecraft:wooden_pickaxe":6,"minecraft:iron_sword":101,"minecraft:torch":3,"scalinghealth:heart_crystal":1,"minecraft:crafting_table":4,"minecraft:glass":1,"minecraft:wooden_axe":18,"biomesoplenty:redwood_boat":1,"minecraft:barrel":2,"minecraft:stone_axe":22,"ecologics:coconut_slice":18,"minecraft:cobblestone":8,"minecraft:potion":7,"ecologics:coconut_boat":2,"minecraft:furnace":2,"tombstone:gift":2,"ecologics:coconut_seedling":18},"minecraft:crafted":{"minecraft:glass_bottle":6,"minecraft:barrel":2,"minecraft:crafting_table":3,"ecologics:coconut_planks":60,"minecraft:dried_kelp":64,"minecraft:wooden_pickaxe":1,"minecraft:furnace":2,"minecraft:stone_axe":1,"minecraft:air":0,"minecraft:charcoal":2,"minecraft:stick":8,"ecologics:coconut_slab":12,"minecraft:stone_pickaxe":1,"minecraft:wooden_axe":1,"minecraft:stone_sword":1,"minecraft:torch":4,"ecologics:coconut_boat":1},"minecraft:dropped":{"ecologics:coconut_planks":3,"minecraft:rotten_flesh":1,"minecraft:torch":1,"minecraft:wooden_axe":1,"minecraft:potion":3,"minecraft:bow":1},"minecraft:custom":{"minecraft:blood":0,"minecraft:interact_with_furnace":10,"minecraft:mob_kills":19,"minecraft:dexterity":5,"minecraft:intelligence":6,"minecraft:move_speed":0,"minecraft:interact_with_crafting_table":12,"minecraft:open_barrel":14,"minecraft:leave_game":1,"minecraft:time_since_death":44123,"minecraft:levels_gained":3,"minecraft:mana":130,"minecraft:time_since_rest":43887,"minecraft:magic_shield":0,"minecraft:sprint_one_cm":122303,"minecraft:damage_taken":1081,"minecraft:walk_one_cm":73781,"minecraft:drop":8,"minecraft:damage_dealt":3714,"minecraft:health":176,"minecraft:swim_one_cm":78902,"minecraft:fly_one_cm":94901,"minecraft:crouch_one_cm":864,"minecraft:play_time":53785,"tombstone:undead_killed":10,"minecraft:deaths":1,"minecraft:sneak_time":1137,"minecraft:walk_under_water_one_cm":35422,"minecraft:boat_one_cm":196571,"minecraft:jump":557,"minecraft:energy":120,"minecraft:strength":17,"minecraft:walk_on_water_one_cm":44854,"minecraft:total_world_time":53785,"minecraft:fall_one_cm":9790},"minecraft:mined":{"minecraft:kelp_plant":27,"minecraft:crafting_table":1,"minecraft:torch":1,"minecraft:kelp":3,"minecraft:tall_seagrass":2,"minecraft:furnace":1,"minecraft:iron_ore":1,"treechop:chopped_log":5,"minecraft:coal_ore":12,"minecraft:sand":8,"minecraft:stone":44,"spelunkers_charm:rock_pile_1":1,"minecraft:fern":1},"minecraft:killed":{"cataclysm:deepling_angler":2,"minecraft:zombie_villager":2,"naturalist:butterfly":2,"ecologics:coconut_crab":12,"minecraft:drowned":18}},"DataVersion":3465}