{"stats":{"minecraft:picked_up":{"minecraft:wooden_axe":1,"biomesoplenty:redwood_log":8,"minecraft:crafting_table":3,"minecraft:lead":2,"minecraft:enchanted_book":1,"minecraft:potion":3,"minecraft:shield":3,"ecologics:coconut_boat":3,"minecraft:string":3,"realisticforging:smithing_hammer":2,"biomesoplenty:redwood_wood":694,"ecologics:crab_claw":3,"minecraft:iron_boots":1,"minecraft:furnace":1,"minecraft:stick":200,"biomesoplenty:redwood_boat":4,"ecologics:coconut_slice":50,"minecraft:copper_ingot":1,"minecraft:torch":13,"ecologics:coconut_seedling":15,"minecraft:dried_kelp":29,"minecraft:diorite":5,"minecraft:trident":1,"mmorpg:skill_gems/support/int":1,"biomesoplenty:redwood_planks":23,"minecraft:rotten_flesh":23,"ecologics:coconut_log":60,"realisticforging:raw_iron_ore":51,"tombstone:essence_of_undeath":1,"biomesoplenty:redwood_sapling":146,"ad_astra:hammer":1,"minecraft:cobblestone":122,"occultism:datura_seeds":7,"minecraft:magma_block":1,"realisticforging:two_sticks":1,"ecologics:coconut_planks":3,"biomesoplenty:redwood_door":2,"minecraft:flint":1,"scalinghealth:heart_crystal":2,"quark:limestone":24,"minecraft:lapis_lazuli":29,"minecraft:dirt":75,"minecraft:glass":7,"minecraft:kelp":168,"minecraft:bow":10,"minecraft:wheat_seeds":10,"minecraft:iron_ingot":3,"scalinghealth:power_crystal_shard":1,"realisticforging:cleanedironore":2,"epicsamurai:aquamarine":7,"patchouli:guide_book":1,"realisticforging:hotrawironore":1,"minecraft:gravel":4,"minecraft:sand":8,"mmorpg:rare_mats/mining/medium":1,"mmorpg:weapon/staff/wood":1,"minecraft:spider_eye":1,"cataclysm:lionfish":1,"minecraft:bundle":2,"mmorpg:gems/ruby/0":1,"ageofweapons:iron_stick":2,"minecraft:granite":6,"minecraft:crossbow":1,"epicsamurai:ruby":6,"spelunkers_charm:rock":2,"minecraft:coal":42,"realisticforging:big_stone":1},"minecraft:crafted":{"minecraft:barrel":5,"minecraft:iron_nugget":9,"ecologics:coconut_planks":60,"minecraft:furnace":2,"biomesoplenty:redwood_slab":6,"minecraft:stone":39,"realisticforging:smithing_stone_hammer":2,"minecraft:iron_axe":1,"realisticforging:two_sticks":8,"ecologics:coconut_slab":12,"minecraft:stone_pickaxe":1,"biomesoplenty:redwood_stairs":8,"ecologics:coconut_boat":1,"ecologics:crab_meat":2,"minecraft:glass_bottle":6,"biomesoplenty:redwood_door":15,"minecraft:crafting_table":5,"biomesoplenty:redwood_planks":256,"minecraft:dried_kelp":137,"minecraft:wooden_pickaxe":1,"minecraft:stone_axe":1,"minecraft:air":0,"realisticforging:hotrawironore":7,"minecraft:charcoal":169,"minecraft:stick":8,"minecraft:iron_pickaxe":1,"minecraft:wooden_axe":1,"minecraft:stone_sword":1,"minecraft:iron_shovel":1,"minecraft:torch":20},"minecraft:used":{"minecraft:trident":3,"minecraft:stone_sword":131,"biomesoplenty:redwood_door":17,"minecraft:iron_shovel":74,"biomesoplenty:redwood_planks":114,"minecraft:dried_kelp":13,"minecraft:stone":1,"minecraft:iron_sword":229,"minecraft:torch":18,"minecraft:dirt":26,"scalinghealth:heart_crystal":1,"ecologics:crab_meat":2,"minecraft:glass":1,"minecraft:wooden_axe":18,"minecraft:iron_axe":4,"minecraft:iron_boots":1,"biomesoplenty:redwood_boat":3,"minecraft:barrel":5,"ecologics:coconut_boat":4,"minecraft:furnace":2,"tombstone:gift":4,"ecologics:coconut_seedling":18,"minecraft:bundle":1,"minecraft:glass_bottle":32,"minecraft:stone_pickaxe":58,"minecraft:wooden_pickaxe":6,"minecraft:crafting_table":8,"realisticforging:big_stone":1,"minecraft:iron_pickaxe":156,"minecraft:gravel":3,"minecraft:stone_axe":30,"ecologics:coconut_slice":54,"minecraft:cobblestone":8,"minecraft:potion":29,"biomesoplenty:redwood_stairs":8},"minecraft:dropped":{"realisticforging:raw_iron_ore":2,"realisticforging:smithing_stone_hammer":1,"minecraft:copper_ingot":1,"minecraft:stick":2,"minecraft:torch":1,"minecraft:wooden_axe":2,"realisticforging:smithing_hammer":1,"minecraft:potion":4,"ad_astra:hammer":1,"minecraft:gravel":1,"minecraft:stone_axe":2,"ecologics:coconut_planks":3,"minecraft:rotten_flesh":2,"minecraft:shield":1,"minecraft:bow":1},"minecraft:custom":{"minecraft:blood":0,"minecraft:mob_kills":35,"minecraft:dexterity":6,"minecraft:interact_with_crafting_table":27,"minecraft:open_barrel":74,"minecraft:leave_game":3,"minecraft:time_since_death":14924,"minecraft:mana":140,"minecraft:magic_shield":0,"minecraft:sprint_one_cm":240767,"minecraft:walk_one_cm":279866,"minecraft:drop":23,"minecraft:health":190,"minecraft:play_time":161098,"minecraft:deaths":2,"minecraft:sneak_time":5059,"minecraft:walk_under_water_one_cm":147202,"minecraft:boat_one_cm":755971,"tombstone:tomb_raiding":1,"minecraft:jump":1250,"minecraft:energy":140,"minecraft:walk_on_water_one_cm":99789,"minecraft:total_world_time":161098,"minecraft:interact_with_furnace":77,"minecraft:intelligence":6,"minecraft:move_speed":0,"minecraft:levels_gained":4,"minecraft:time_since_rest":13154,"minecraft:damage_taken":4347,"minecraft:damage_dealt":6868,"minecraft:swim_one_cm":251214,"minecraft:fly_one_cm":169543,"minecraft:crouch_one_cm":7079,"tombstone:undead_killed":21,"minecraft:strength":18,"minecraft:fall_one_cm":19970},"minecraft:broken":{"minecraft:stone_sword":1},"minecraft:mined":{"minecraft:granite":5,"minecraft:grass_block":20,"realisticforging:big_stone":1,"minecraft:kelp":3,"minecraft:tall_seagrass":2,"minecraft:magma_block":1,"minecraft:furnace":1,"minecraft:iron_ore":20,"minecraft:fire":6,"treechop:chopped_log":6,"biomesoplenty:redwood_door":1,"quark:limestone":21,"minecraft:stone":113,"spelunkers_charm:rock_pile_1":1,"minecraft:kelp_plant":31,"minecraft:crafting_table":3,"minecraft:torch":3,"minecraft:tall_grass":11,"minecraft:lapis_ore":5,"minecraft:diorite":5,"minecraft:wall_torch":2,"epicsamurai:aquamarine_ore":7,"minecraft:grass":93,"minecraft:coal_ore":32,"minecraft:gravel":5,"minecraft:sand":8,"minecraft:dirt":55,"epicsamurai:ruby_ore":6,"minecraft:fern":1},"minecraft:killed_by":{"cave_dweller:cave_dweller":1},"minecraft:killed":{"ecologics:coconut_crab":12,"minecraft:drowned":40,"cataclysm:lionfish":2,"cataclysm:deepling_angler":4,"minecraft:zombie_villager":2,"naturalist:butterfly":2,"cataclysm:deepling":2,"minecraft:player":2}},"DataVersion":3465}