{"stats":{"minecraft:picked_up":{"minecraft:wooden_axe":1,"biomesoplenty:redwood_log":8,"minecraft:charcoal":243,"minecraft:crafting_table":3,"minecraft:lead":2,"minecraft:potion":3,"minecraft:enchanted_book":1,"ecologics:coconut_boat":3,"minecraft:shield":3,"minecraft:string":3,"realisticforging:smithing_hammer":2,"bosses_of_mass_destruction:soul_star":1,"biomesoplenty:redwood_wood":694,"ecologics:crab_claw":3,"minecraft:iron_boots":1,"minecraft:furnace":7,"minecraft:stick":200,"biomesoplenty:redwood_boat":5,"ecologics:coconut_slice":50,"minecraft:copper_ingot":1,"minecraft:torch":16,"ecologics:coconut_seedling":15,"minecraft:dried_kelp":29,"minecraft:diorite":9,"tombstone:grave_dust":2,"minecraft:trident":1,"mmorpg:skill_gems/support/int":1,"realisticforging:smithing_anvil":1,"biomesoplenty:redwood_planks":29,"minecraft:rotten_flesh":25,"ecologics:coconut_log":60,"minecraft:iron_block":1,"realisticforging:raw_iron_ore":51,"tombstone:essence_of_undeath":1,"biomesoplenty:redwood_sapling":146,"ad_astra:hammer":1,"minecraft:cobblestone":155,"occultism:datura_seeds":7,"minecraft:magma_block":1,"realisticforging:two_sticks":1,"minecraft:andesite":2,"ecologics:coconut_planks":3,"biomesoplenty:redwood_door":2,"minecraft:flint":1,"scalinghealth:bandages":1,"scalinghealth:heart_crystal":2,"quark:limestone":25,"minecraft:lapis_lazuli":29,"minecraft:dirt":75,"minecraft:glass":7,"minecraft:kelp":176,"minecraft:bow":10,"minecraft:wheat_seeds":12,"minecraft:iron_ingot":7,"scalinghealth:power_crystal_shard":1,"realisticforging:cleanedironore":65,"epicsamurai:aquamarine":7,"patchouli:guide_book":1,"realisticforging:hotrawironore":4,"minecraft:gravel":19,"minecraft:sand":8,"mmorpg:rare_mats/mining/medium":1,"mmorpg:weapon/staff/wood":1,"minecraft:spider_eye":1,"cataclysm:lionfish":1,"minecraft:bundle":3,"biomesoplenty:redwood_stairs":1,"mmorpg:plate_set":1,"realisticforging:blacksmithstongs":1,"mmorpg:gems/ruby/0":1,"ageofweapons:iron_stick":2,"minecraft:iron_helmet":1,"minecraft:granite":6,"minecraft:crossbow":1,"tombstone:magic_scroll":1,"epicsamurai:ruby":6,"spelunkers_charm:rock":2,"realisticforging:big_stone":2,"minecraft:coal":42},"minecraft:crafted":{"minecraft:barrel":5,"minecraft:iron_nugget":9,"ecologics:coconut_planks":60,"minecraft:furnace":2,"minecraft:blast_furnace":1,"biomesoplenty:redwood_slab":6,"minecraft:stone":39,"realisticforging:smithing_stone_hammer":2,"minecraft:iron_axe":1,"realisticforging:two_sticks":8,"ecologics:coconut_slab":12,"minecraft:stone_pickaxe":1,"biomesoplenty:redwood_stairs":12,"minecraft:stone_hoe":1,"ecologics:coconut_boat":1,"ecologics:crab_meat":2,"minecraft:glass_bottle":6,"minecraft:crafting_table":7,"biomesoplenty:redwood_door":18,"biomesoplenty:redwood_planks":256,"minecraft:dried_kelp":192,"minecraft:wooden_pickaxe":1,"minecraft:bucket":1,"minecraft:stone_axe":1,"minecraft:air":0,"realisticforging:smithing_anvil":1,"realisticforging:hotrawironore":34,"minecraft:iron_chestplate":1,"minecraft:charcoal":169,"minecraft:stick":8,"minecraft:iron_ingot":9,"realisticforging:blacksmithstongs":1,"minecraft:iron_pickaxe":1,"minecraft:iron_leggings":1,"minecraft:wooden_axe":1,"minecraft:iron_block":1,"minecraft:stone_sword":1,"minecraft:iron_shovel":1,"minecraft:torch":20},"minecraft:used":{"minecraft:trident":3,"minecraft:stone_sword":131,"biomesoplenty:redwood_door":18,"minecraft:iron_shovel":88,"biomesoplenty:redwood_planks":168,"minecraft:dried_kelp":20,"minecraft:stone":1,"minecraft:iron_sword":263,"minecraft:stone_hoe":27,"minecraft:torch":26,"minecraft:dirt":26,"scalinghealth:heart_crystal":2,"ecologics:crab_meat":2,"minecraft:glass":1,"minecraft:wooden_axe":18,"minecraft:iron_axe":11,"minecraft:iron_boots":1,"biomesoplenty:redwood_boat":3,"minecraft:barrel":5,"minecraft:furnace":7,"ecologics:coconut_boat":4,"tombstone:gift":4,"ecologics:coconut_seedling":18,"minecraft:wheat_seeds":12,"minecraft:water_bucket":1,"minecraft:bundle":1,"minecraft:glass_bottle":34,"minecraft:stone_pickaxe":58,"realisticforging:smithing_anvil":2,"minecraft:wooden_pickaxe":6,"minecraft:crafting_table":10,"minecraft:blast_furnace":1,"realisticforging:big_stone":2,"minecraft:iron_pickaxe":205,"minecraft:gravel":3,"minecraft:stone_axe":30,"ecologics:coconut_slice":54,"minecraft:cobblestone":11,"minecraft:potion":31,"minecraft:bucket":2,"biomesoplenty:redwood_stairs":13},"minecraft:dropped":{"minecraft:iron_ingot":7,"mmorpg:invisible_item":1,"realisticforging:raw_iron_ore":2,"realisticforging:smithing_stone_hammer":1,"minecraft:copper_ingot":1,"quark:limestone":1,"minecraft:stick":2,"tombstone:magic_scroll":1,"minecraft:torch":1,"minecraft:wooden_axe":2,"realisticforging:smithing_hammer":1,"minecraft:potion":4,"realisticforging:blacksmithstongs":1,"ad_astra:hammer":1,"minecraft:gravel":1,"minecraft:stone_axe":2,"ecologics:coconut_planks":3,"minecraft:iron_nugget":3,"minecraft:rotten_flesh":2,"mmorpg:plate_set":1,"minecraft:shield":1,"minecraft:bow":1},"minecraft:custom":{"minecraft:blood":0,"minecraft:mob_kills":41,"minecraft:dexterity":6,"minecraft:interact_with_crafting_table":41,"minecraft:open_barrel":88,"minecraft:leave_game":4,"minecraft:time_since_death":50923,"minecraft:mana":154,"minecraft:magic_shield":0,"minecraft:sprint_one_cm":282813,"minecraft:walk_one_cm":351581,"minecraft:drop":38,"minecraft:health":244,"minecraft:play_time":197097,"minecraft:deaths":2,"minecraft:sneak_time":7306,"minecraft:walk_under_water_one_cm":166142,"minecraft:boat_one_cm":762136,"tombstone:tomb_raiding":1,"minecraft:jump":1458,"minecraft:energy":150,"minecraft:interact_with_blast_furnace":4,"minecraft:walk_on_water_one_cm":121066,"minecraft:total_world_time":197097,"minecraft:interact_with_furnace":162,"minecraft:intelligence":6,"minecraft:move_speed":0,"minecraft:levels_gained":5,"minecraft:time_since_rest":49153,"minecraft:damage_taken":5689,"minecraft:damage_dealt":7984,"minecraft:swim_one_cm":284353,"minecraft:fly_one_cm":182560,"minecraft:crouch_one_cm":12679,"tombstone:undead_killed":27,"minecraft:strength":19,"minecraft:fall_one_cm":21822},"minecraft:broken":{"minecraft:stone_sword":1},"minecraft:mined":{"minecraft:granite":5,"minecraft:grass_block":20,"realisticforging:big_stone":1,"minecraft:kelp":4,"minecraft:tall_seagrass":2,"minecraft:magma_block":1,"minecraft:furnace":7,"minecraft:iron_ore":20,"minecraft:fire":6,"minecraft:andesite":3,"treechop:chopped_log":6,"biomesoplenty:redwood_stairs":1,"biomesoplenty:redwood_door":1,"quark:limestone":22,"minecraft:stone":145,"spelunkers_charm:rock_pile_1":1,"biomesoplenty:redwood_planks":6,"minecraft:kelp_plant":31,"minecraft:crafting_table":3,"minecraft:torch":4,"minecraft:tall_grass":11,"minecraft:lapis_ore":5,"minecraft:diorite":9,"realisticforging:smithing_anvil":2,"minecraft:wall_torch":4,"minecraft:seagrass":1,"epicsamurai:aquamarine_ore":7,"minecraft:grass":93,"minecraft:coal_ore":32,"minecraft:gravel":17,"minecraft:sand":8,"minecraft:dirt":55,"epicsamurai:ruby_ore":6,"minecraft:fern":1},"minecraft:killed_by":{"cave_dweller:cave_dweller":1},"minecraft:killed":{"ecologics:coconut_crab":12,"minecraft:drowned":52,"cataclysm:lionfish":2,"cataclysm:deepling_angler":4,"minecraft:zombie_villager":2,"naturalist:butterfly":2,"cataclysm:deepling":2,"minecraft:player":2}},"DataVersion":3465}