{"stats":{"minecraft:picked_up":{"minecraft:stick":10,"minecraft:crafting_table":1,"biomesoplenty:redwood_boat":1,"ecologics:coconut_slice":34,"minecraft:torch":1,"ecologics:coconut_seedling":15,"minecraft:sand":8,"ecologics:coconut_boat":1,"minecraft:kelp":160,"ecologics:coconut_log":50,"realisticforging:raw_iron_ore":3,"spelunkers_charm:rock":1,"minecraft:coal":12,"minecraft:cobblestone":41},"minecraft:crafted":{"minecraft:charcoal":2,"minecraft:crafting_table":3,"ecologics:coconut_planks":44,"minecraft:stick":8,"minecraft:dried_kelp":3,"minecraft:wooden_pickaxe":1,"minecraft:stone_pickaxe":1,"minecraft:wooden_axe":1,"minecraft:stone_sword":1,"minecraft:furnace":2,"minecraft:torch":4,"minecraft:stone_axe":1,"minecraft:air":0,"ecologics:coconut_boat":1},"minecraft:used":{"minecraft:wooden_axe":18,"minecraft:stone_sword":12,"minecraft:stone_pickaxe":52,"minecraft:wooden_pickaxe":6,"minecraft:stone_axe":22,"ecologics:coconut_slice":5,"minecraft:torch":1,"minecraft:crafting_table":4,"ecologics:coconut_boat":2,"minecraft:furnace":2,"tombstone:gift":1,"ecologics:coconut_seedling":18},"minecraft:dropped":{"minecraft:torch":1,"minecraft:wooden_axe":1},"minecraft:custom":{"minecraft:time_since_rest":9675,"minecraft:blood":0,"minecraft:magic_shield":0,"minecraft:interact_with_furnace":4,"minecraft:sprint_one_cm":53352,"minecraft:damage_taken":234,"minecraft:walk_one_cm":35371,"minecraft:mob_kills":3,"minecraft:drop":2,"minecraft:dexterity":5,"minecraft:intelligence":5,"minecraft:damage_dealt":553,"minecraft:health":114,"minecraft:move_speed":0,"minecraft:swim_one_cm":34238,"minecraft:interact_with_crafting_table":8,"minecraft:fly_one_cm":29708,"tombstone:undead_killed":1,"minecraft:crouch_one_cm":541,"minecraft:play_time":19573,"minecraft:deaths":1,"minecraft:sneak_time":485,"minecraft:walk_under_water_one_cm":9908,"minecraft:boat_one_cm":43931,"minecraft:jump":151,"minecraft:energy":100,"minecraft:leave_game":1,"minecraft:walk_on_water_one_cm":11511,"minecraft:time_since_death":9911,"minecraft:strength":9,"minecraft:total_world_time":19573,"minecraft:fall_one_cm":2499,"minecraft:mana":100},"minecraft:mined":{"minecraft:tall_seagrass":2,"minecraft:kelp_plant":27,"minecraft:iron_ore":1,"treechop:chopped_log":5,"minecraft:crafting_table":1,"minecraft:torch":1,"minecraft:coal_ore":12,"minecraft:sand":8,"minecraft:stone":44,"minecraft:kelp":3,"spelunkers_charm:rock_pile_1":1},"minecraft:killed":{"ecologics:coconut_crab":4,"minecraft:drowned":2}},"DataVersion":3465}