{"stats":{"minecraft:picked_up":{"minecraft:dark_oak_sapling":3,"minecraft:stick":9,"hogcraft:galleon":3,"minecraft:andesite":4,"minecraft:torch":3,"minecraft:red_mushroom":34,"minecraft:gravel":9,"epicfight:skillbook":1,"minecraft:oak_log":10,"tombstone:grave_dust":1,"minecraft:diorite":5,"scalinghealth:heart_crystal":1,"minecraft:dark_oak_log":42,"minecraft:dirt":23,"minecraft:bone":2,"minecraft:rotten_flesh":6,"minecraft:stone_pickaxe":2,"minecraft:oak_sapling":2,"minecraft:cobblestone":108},"minecraft:dropped":{"minecraft:torch":1,"minecraft:cobblestone":3,"minecraft:stone_pickaxe":2},"minecraft:mined":{"minecraft:andesite":5,"treechop:chopped_log":6,"minecraft:grass":1,"minecraft:grass_block":2,"minecraft:gravel":9,"minecraft:dirt":7,"minecraft:cobblestone":3,"minecraft:red_mushroom_block":4,"minecraft:stone":94,"minecraft:diorite":5,"minecraft:wall_torch":3},"minecraft:custom":{"minecraft:time_since_rest":1665,"minecraft:interact_with_furnace":9,"minecraft:sprint_one_cm":67203,"minecraft:damage_taken":491,"minecraft:walk_one_cm":155714,"minecraft:mob_kills":8,"minecraft:drop":6,"minecraft:damage_dealt":1655,"minecraft:swim_one_cm":4880,"minecraft:interact_with_crafting_table":11,"minecraft:fly_one_cm":26942,"minecraft:open_chest":10,"minecraft:crouch_one_cm":5151,"minecraft:play_time":29006,"tombstone:undead_killed":8,"minecraft:deaths":2,"minecraft:sneak_time":584,"minecraft:walk_under_water_one_cm":288,"minecraft:jump":330,"minecraft:walk_on_water_one_cm":4820,"minecraft:time_since_death":1669,"minecraft:total_world_time":29006,"minecraft:fall_one_cm":4591},"minecraft:crafted":{"minecraft:oak_planks":40,"minecraft:wooden_shovel":1,"minecraft:charcoal":26,"minecraft:crafting_table":2,"minecraft:stick":20,"quark:oak_chest":1,"minecraft:wooden_pickaxe":1,"minecraft:stone_pickaxe":1,"minecraft:wooden_axe":1,"minecraft:stone_sword":2,"minecraft:bowl":4,"minecraft:furnace":1,"minecraft:torch":12,"minecraft:stone_axe":1,"minecraft:air":0},"minecraft:killed":{"minecraft:skeleton":2,"minecraft:zombie":14},"minecraft:used":{"epicfight:skillbook":1,"minecraft:wooden_axe":36,"minecraft:stone_sword":35,"minecraft:stone_pickaxe":90,"minecraft:wooden_pickaxe":17,"minecraft:gravel":3,"minecraft:wooden_shovel":4,"minecraft:stone_axe":7,"minecraft:torch":13,"minecraft:dirt":2,"minecraft:cobblestone":39,"scalinghealth:heart_crystal":1,"minecraft:crafting_table":2,"minecraft:furnace":1,"quark:oak_chest":1}},"DataVersion":3465}