{"stats":{"minecraft:mined":{"treechop:chopped_log":1,"minecraft:grass":2,"minecraft:grass_block":1,"minecraft:white_wool":1},"minecraft:custom":{"minecraft:time_since_rest":7112,"minecraft:blood":0,"minecraft:magic_shield":0,"minecraft:sprint_one_cm":94166,"minecraft:damage_taken":1031,"minecraft:walk_one_cm":39462,"minecraft:mob_kills":7,"minecraft:dexterity":5,"minecraft:intelligence":6,"minecraft:damage_dealt":3382,"minecraft:health":120,"minecraft:move_speed":0,"minecraft:swim_one_cm":15485,"minecraft:fly_one_cm":113036,"minecraft:crouch_one_cm":554,"minecraft:play_time":23580,"tombstone:undead_killed":2,"minecraft:deaths":2,"minecraft:sneak_time":796,"minecraft:walk_under_water_one_cm":15230,"minecraft:jump":391,"minecraft:energy":100,"minecraft:leave_game":9,"minecraft:walk_on_water_one_cm":3997,"minecraft:time_since_death":9265,"minecraft:strength":10,"minecraft:total_world_time":23580,"minecraft:fall_one_cm":10289,"minecraft:mana":110},"minecraft:picked_up":{"biomesoplenty:magic_sapling":3,"minecraft:brown_wool":1,"mmorpg:weapon/staff/wood":1,"minecraft:dirt":1,"minecraft:bone":2,"minecraft:arrow":2,"minecraft:rotten_flesh":2,"minecraft:bow":1,"biomesoplenty:magic_log":8,"minecraft:mutton":5,"minecraft:iron_sword":1,"minecraft:white_wool":3},"minecraft:used":{"minecraft:iron_sword":12,"minecraft:white_wool":2,"minecraft:bow":2},"minecraft:crafted":{"minecraft:crafting_table":1,"biomesoplenty:magic_planks":32},"minecraft:killed":{"minecraft:sheep":6,"minecraft:skeleton":2,"minecraft:zombie":2,"minecraft:spider":4},"minecraft:killed_by":{"minecraft:spider":1}},"DataVersion":3465}