{"stats":{"minecraft:picked_up":{"minecraft:dark_oak_sapling":3,"minecraft:stick":9,"hogcraft:galleon":1,"minecraft:torch":2,"minecraft:red_mushroom":18,"minecraft:gravel":3,"minecraft:oak_log":10,"minecraft:diorite":5,"minecraft:dark_oak_log":42,"minecraft:dirt":7,"minecraft:bone":2,"minecraft:stone_pickaxe":1,"minecraft:oak_sapling":2,"minecraft:cobblestone":102},"minecraft:dropped":{"minecraft:torch":1,"minecraft:cobblestone":3,"minecraft:stone_pickaxe":1},"minecraft:mined":{"treechop:chopped_log":5,"minecraft:grass_block":2,"minecraft:gravel":3,"minecraft:dirt":6,"minecraft:cobblestone":2,"minecraft:red_mushroom_block":4,"minecraft:stone":89,"minecraft:diorite":5,"minecraft:wall_torch":2},"minecraft:custom":{"minecraft:time_since_rest":12988,"minecraft:interact_with_furnace":8,"minecraft:sprint_one_cm":15849,"minecraft:damage_taken":200,"minecraft:walk_one_cm":75711,"minecraft:mob_kills":1,"minecraft:drop":5,"minecraft:damage_dealt":201,"minecraft:interact_with_crafting_table":10,"minecraft:fly_one_cm":6607,"minecraft:open_chest":8,"minecraft:crouch_one_cm":130,"minecraft:play_time":17006,"tombstone:undead_killed":1,"minecraft:deaths":1,"minecraft:sneak_time":24,"minecraft:jump":114,"minecraft:time_since_death":13238,"minecraft:total_world_time":17006,"minecraft:fall_one_cm":484},"minecraft:crafted":{"minecraft:oak_planks":40,"minecraft:wooden_shovel":1,"minecraft:charcoal":26,"minecraft:crafting_table":2,"minecraft:stick":4,"quark:oak_chest":1,"minecraft:wooden_pickaxe":1,"minecraft:stone_pickaxe":1,"minecraft:wooden_axe":1,"minecraft:bowl":4,"minecraft:furnace":1,"minecraft:torch":12,"minecraft:stone_axe":1,"minecraft:air":0},"minecraft:killed":{"minecraft:skeleton":2},"minecraft:used":{"minecraft:wooden_axe":36,"minecraft:stone_pickaxe":79,"minecraft:wooden_pickaxe":17,"minecraft:gravel":3,"minecraft:wooden_shovel":4,"minecraft:stone_axe":1,"minecraft:torch":7,"minecraft:cobblestone":4,"minecraft:crafting_table":2,"minecraft:furnace":1,"quark:oak_chest":1}},"DataVersion":3465}