{"stats":{"minecraft:killed":{"minecraft:zombie":6},"minecraft:picked_up":{"minecraft:stick":7,"minecraft:golden_leggings":1,"biomesoplenty:fir_log":37,"biomesoplenty:fir_sapling":6,"mmorpg:weapon/staff/wood":1,"minecraft:string":2,"minecraft:rotten_flesh":2,"minecraft:bow":1,"minecraft:iron_sword":2,"minecraft:snowball":6,"minecraft:cobblestone":3},"minecraft:mined":{"treechop:chopped_log":3,"minecraft:grass":2,"minecraft:fern":9},"minecraft:killed_by":{"minecraft:spider":1,"minecraft:zombie":2},"minecraft:used":{"minecraft:wooden_axe":33,"minecraft:iron_sword":11,"minecraft:crafting_table":1,"tombstone:gift":2},"minecraft:crafted":{"biomesoplenty:fir_planks":48,"minecraft:crafting_table":1,"minecraft:stick":4,"minecraft:wooden_pickaxe":1,"minecraft:wooden_axe":1},"minecraft:custom":{"minecraft:time_since_rest":2731,"minecraft:magic_shield":0,"minecraft:blood":0,"minecraft:sprint_one_cm":20067,"minecraft:damage_taken":1254,"minecraft:walk_one_cm":24873,"minecraft:mob_kills":3,"minecraft:dexterity":5,"minecraft:intelligence":5,"minecraft:damage_dealt":11883,"minecraft:health":114,"minecraft:move_speed":0,"minecraft:interact_with_crafting_table":1,"minecraft:fly_one_cm":18816,"minecraft:crouch_one_cm":96,"minecraft:play_time":9044,"tombstone:undead_killed":3,"minecraft:deaths":3,"minecraft:sneak_time":123,"minecraft:damage_dealt_resisted":72,"minecraft:jump":112,"minecraft:energy":100,"minecraft:leave_game":2,"minecraft:time_since_death":3018,"minecraft:strength":9,"minecraft:total_world_time":9044,"minecraft:fall_one_cm":2033,"minecraft:mana":100}},"DataVersion":3465}