{"stats":{"minecraft:mined":{"treechop:chopped_log":1,"minecraft:grass":1,"minecraft:white_wool":1},"minecraft:custom":{"minecraft:time_since_rest":2720,"minecraft:blood":0,"minecraft:magic_shield":0,"minecraft:sprint_one_cm":90518,"minecraft:damage_taken":1031,"minecraft:walk_one_cm":37802,"minecraft:mob_kills":7,"minecraft:dexterity":5,"minecraft:intelligence":6,"minecraft:damage_dealt":3382,"minecraft:health":120,"minecraft:move_speed":0,"minecraft:swim_one_cm":13999,"minecraft:fly_one_cm":109532,"minecraft:crouch_one_cm":553,"minecraft:play_time":19188,"tombstone:undead_killed":2,"minecraft:deaths":2,"minecraft:sneak_time":789,"minecraft:walk_under_water_one_cm":14801,"minecraft:jump":340,"minecraft:energy":100,"minecraft:leave_game":6,"minecraft:walk_on_water_one_cm":3632,"minecraft:time_since_death":4873,"minecraft:strength":10,"minecraft:total_world_time":19188,"minecraft:fall_one_cm":9604,"minecraft:mana":110},"minecraft:picked_up":{"biomesoplenty:magic_sapling":3,"minecraft:brown_wool":1,"mmorpg:weapon/staff/wood":1,"minecraft:bone":2,"minecraft:arrow":2,"minecraft:rotten_flesh":2,"minecraft:bow":1,"biomesoplenty:magic_log":8,"minecraft:mutton":5,"minecraft:iron_sword":1,"minecraft:white_wool":3},"minecraft:used":{"minecraft:iron_sword":12,"minecraft:white_wool":2,"minecraft:bow":2},"minecraft:crafted":{"minecraft:crafting_table":1,"biomesoplenty:magic_planks":32},"minecraft:killed":{"minecraft:sheep":6,"minecraft:skeleton":2,"minecraft:zombie":2,"minecraft:spider":4},"minecraft:killed_by":{"minecraft:spider":1}},"DataVersion":3465}