{"stats":{"minecraft:picked_up":{"hogcraft:galleon":3,"minecraft:andesite":4,"minecraft:brown_mushroom":32,"minecraft:red_mushroom":34,"minecraft:oak_log":10,"scalinghealth:heart_crystal":1,"minecraft:dirt":23,"glowroot:squid_tentacle":1,"minecraft:bone":2,"minecraft:stone_pickaxe":2,"minecraft:poppy":2,"minecraft:dark_oak_sapling":3,"minecraft:stick":9,"minecraft:torch":4,"minecraft:gravel":9,"epicfight:skillbook":1,"minecraft:sand":4,"minecraft:ink_sac":2,"tombstone:grave_dust":1,"minecraft:diorite":5,"minecraft:dark_oak_log":42,"minecraft:rotten_flesh":6,"minecraft:oak_sapling":2,"minecraft:coal":11,"minecraft:cobblestone":128},"minecraft:dropped":{"minecraft:cobblestone":3,"minecraft:torch":1,"minecraft:stone_pickaxe":2},"minecraft:mined":{"minecraft:torch":1,"minecraft:grass_block":2,"minecraft:cobblestone":3,"minecraft:diorite":5,"minecraft:wall_torch":3,"minecraft:andesite":5,"treechop:chopped_log":8,"minecraft:grass":1,"minecraft:coal_ore":11,"minecraft:gravel":9,"minecraft:sand":4,"minecraft:dirt":7,"minecraft:red_mushroom_block":4,"minecraft:stone":112,"bushierflowers:grown_poppy":1},"minecraft:custom":{"minecraft:interact_with_furnace":9,"minecraft:mob_kills":10,"tombstone:raider_killed":1,"minecraft:interact_with_crafting_table":11,"minecraft:time_since_death":13669,"minecraft:time_since_rest":13665,"minecraft:sprint_one_cm":82521,"minecraft:damage_taken":601,"minecraft:walk_one_cm":252158,"minecraft:drop":6,"minecraft:damage_dealt":1936,"minecraft:swim_one_cm":7278,"minecraft:fly_one_cm":27167,"minecraft:open_chest":12,"minecraft:crouch_one_cm":5151,"minecraft:play_time":41006,"tombstone:undead_killed":8,"minecraft:deaths":2,"minecraft:sneak_time":584,"minecraft:walk_under_water_one_cm":2115,"minecraft:jump":441,"minecraft:walk_on_water_one_cm":9651,"minecraft:total_world_time":41006,"minecraft:fall_one_cm":5765},"minecraft:crafted":{"minecraft:oak_planks":40,"minecraft:wooden_shovel":1,"minecraft:crafting_table":2,"minecraft:wooden_pickaxe":1,"minecraft:bowl":4,"minecraft:furnace":1,"minecraft:mushroom_stew":3,"minecraft:stone_axe":1,"minecraft:air":0,"minecraft:charcoal":26,"minecraft:stick":24,"quark:oak_chest":1,"minecraft:stone_pickaxe":1,"minecraft:wooden_axe":1,"minecraft:stone_sword":2,"minecraft:dark_oak_planks":56,"minecraft:torch":28},"minecraft:killed":{"minecraft:squid":2,"minecraft:skeleton":2,"minecraft:pillager":2,"minecraft:zombie":14},"minecraft:used":{"epicfight:skillbook":1,"minecraft:stone_sword":42,"minecraft:stone_pickaxe":119,"minecraft:poppy":2,"minecraft:wooden_pickaxe":17,"minecraft:wooden_shovel":4,"minecraft:rotten_flesh":1,"minecraft:torch":16,"minecraft:dirt":3,"scalinghealth:heart_crystal":1,"minecraft:crafting_table":2,"minecraft:mushroom_stew":1,"minecraft:wooden_axe":36,"minecraft:gravel":3,"minecraft:stone_axe":19,"minecraft:cobblestone":39,"minecraft:furnace":1,"tombstone:gift":1,"quark:oak_chest":1}},"DataVersion":3465}