{"stats":{"minecraft:picked_up":{"hogcraft:galleon":1,"minecraft:dark_oak_sapling":3,"minecraft:stick":9,"minecraft:bone":2,"minecraft:oak_log":10,"minecraft:oak_sapling":2,"minecraft:dark_oak_log":42,"minecraft:dirt":6,"minecraft:cobblestone":8},"minecraft:mined":{"minecraft:grass_block":1,"minecraft:dirt":6,"minecraft:stone":8,"treechop:chopped_log":3},"minecraft:custom":{"minecraft:deaths":1,"minecraft:time_since_rest":988,"minecraft:play_time":5006,"minecraft:sprint_one_cm":5856,"tombstone:undead_killed":1,"minecraft:damage_taken":200,"minecraft:walk_one_cm":22811,"minecraft:sneak_time":8,"minecraft:mob_kills":1,"minecraft:jump":17,"minecraft:damage_dealt":201,"minecraft:time_since_death":1238,"minecraft:total_world_time":5006,"minecraft:interact_with_crafting_table":3,"minecraft:fall_one_cm":484,"minecraft:fly_one_cm":2680},"minecraft:crafted":{"minecraft:oak_planks":16,"minecraft:wooden_shovel":1,"minecraft:crafting_table":1,"minecraft:wooden_pickaxe":1,"minecraft:wooden_axe":1},"minecraft:killed":{"minecraft:skeleton":2},"minecraft:used":{"minecraft:wooden_axe":21,"minecraft:cobblestone":1,"minecraft:crafting_table":1,"minecraft:wooden_pickaxe":8,"minecraft:wooden_shovel":4}},"DataVersion":3465}