{"stats":{"minecraft:picked_up":{"biomesoplenty:redwood_log":8,"minecraft:crafting_table":1,"ecologics:coconut_planks":3,"minecraft:lead":1,"minecraft:enchanted_book":1,"minecraft:potion":1,"ecologics:coconut_boat":3,"scalinghealth:heart_crystal":1,"minecraft:glass":7,"minecraft:kelp":161,"minecraft:bow":10,"scalinghealth:power_crystal_shard":1,"biomesoplenty:redwood_wood":575,"minecraft:iron_boots":1,"ecologics:crab_claw":2,"minecraft:furnace":1,"minecraft:stick":56,"biomesoplenty:redwood_boat":1,"ecologics:coconut_slice":48,"minecraft:copper_ingot":1,"minecraft:torch":5,"ecologics:coconut_seedling":15,"minecraft:sand":8,"minecraft:trident":1,"minecraft:bundle":1,"minecraft:rotten_flesh":18,"mmorpg:gems/ruby/0":1,"ecologics:coconut_log":60,"realisticforging:raw_iron_ore":11,"tombstone:essence_of_undeath":1,"biomesoplenty:redwood_sapling":146,"spelunkers_charm:rock":1,"minecraft:coal":22,"minecraft:cobblestone":43},"minecraft:used":{"minecraft:stone_sword":73,"biomesoplenty:redwood_planks":83,"minecraft:bundle":1,"minecraft:glass_bottle":18,"minecraft:stone_pickaxe":57,"minecraft:dried_kelp":1,"minecraft:wooden_pickaxe":6,"minecraft:iron_sword":134,"minecraft:torch":8,"scalinghealth:heart_crystal":1,"minecraft:crafting_table":4,"ecologics:crab_meat":2,"minecraft:glass":1,"minecraft:wooden_axe":18,"biomesoplenty:redwood_boat":1,"minecraft:barrel":2,"minecraft:stone_axe":30,"ecologics:coconut_slice":34,"minecraft:cobblestone":8,"minecraft:potion":14,"ecologics:coconut_boat":4,"minecraft:furnace":2,"tombstone:gift":2,"ecologics:coconut_seedling":18,"biomesoplenty:redwood_stairs":8},"minecraft:crafted":{"minecraft:glass_bottle":6,"minecraft:barrel":2,"minecraft:crafting_table":3,"ecologics:coconut_planks":60,"biomesoplenty:redwood_planks":256,"minecraft:dried_kelp":64,"minecraft:wooden_pickaxe":1,"minecraft:furnace":2,"minecraft:stone":8,"minecraft:stone_axe":1,"minecraft:air":0,"minecraft:charcoal":2,"minecraft:stick":8,"ecologics:coconut_slab":12,"minecraft:stone_pickaxe":1,"minecraft:wooden_axe":1,"minecraft:stone_sword":1,"biomesoplenty:redwood_stairs":8,"minecraft:torch":4,"ecologics:coconut_boat":1,"ecologics:crab_meat":2},"minecraft:dropped":{"ecologics:coconut_planks":3,"minecraft:rotten_flesh":1,"minecraft:torch":1,"minecraft:wooden_axe":1,"minecraft:potion":3,"minecraft:bow":1},"minecraft:custom":{"minecraft:blood":0,"minecraft:interact_with_furnace":20,"minecraft:mob_kills":29,"minecraft:dexterity":5,"minecraft:intelligence":6,"minecraft:move_speed":0,"minecraft:interact_with_crafting_table":13,"minecraft:open_barrel":30,"minecraft:leave_game":1,"minecraft:time_since_death":68123,"minecraft:levels_gained":4,"minecraft:mana":140,"minecraft:time_since_rest":67887,"minecraft:magic_shield":0,"minecraft:sprint_one_cm":169961,"minecraft:damage_taken":2105,"minecraft:walk_one_cm":120800,"minecraft:drop":8,"minecraft:damage_dealt":5604,"minecraft:health":186,"minecraft:swim_one_cm":113160,"minecraft:fly_one_cm":121292,"minecraft:crouch_one_cm":1547,"minecraft:play_time":77785,"tombstone:undead_killed":17,"minecraft:deaths":1,"minecraft:sneak_time":1606,"minecraft:walk_under_water_one_cm":67832,"minecraft:boat_one_cm":322298,"minecraft:jump":731,"minecraft:energy":130,"minecraft:strength":17,"minecraft:walk_on_water_one_cm":65336,"minecraft:total_world_time":77785,"minecraft:fall_one_cm":13759},"minecraft:mined":{"minecraft:kelp_plant":27,"minecraft:crafting_table":1,"minecraft:torch":3,"minecraft:kelp":3,"minecraft:wall_torch":1,"minecraft:tall_seagrass":2,"minecraft:furnace":1,"minecraft:iron_ore":4,"treechop:chopped_log":6,"minecraft:coal_ore":12,"minecraft:sand":8,"minecraft:stone":45,"spelunkers_charm:rock_pile_1":1,"minecraft:fern":1},"minecraft:killed":{"cataclysm:deepling_angler":2,"minecraft:zombie_villager":2,"naturalist:butterfly":2,"cataclysm:deepling":2,"ecologics:coconut_crab":12,"minecraft:drowned":32}},"DataVersion":3465}