{"stats":{"minecraft:picked_up":{"minecraft:crafting_table":1,"minecraft:lead":1,"minecraft:potion":1,"ecologics:coconut_boat":1,"scalinghealth:heart_crystal":1,"minecraft:glass":7,"minecraft:kelp":160,"minecraft:furnace":1,"minecraft:stick":10,"biomesoplenty:redwood_boat":1,"ecologics:coconut_slice":38,"minecraft:torch":2,"ecologics:coconut_seedling":15,"minecraft:sand":8,"minecraft:rotten_flesh":1,"ecologics:coconut_log":50,"realisticforging:raw_iron_ore":3,"tombstone:essence_of_undeath":1,"spelunkers_charm:rock":1,"minecraft:coal":22,"minecraft:cobblestone":42},"minecraft:used":{"minecraft:stone_sword":31,"minecraft:glass_bottle":6,"minecraft:stone_pickaxe":53,"minecraft:dried_kelp":1,"minecraft:wooden_pickaxe":6,"minecraft:iron_sword":9,"minecraft:torch":3,"scalinghealth:heart_crystal":1,"minecraft:crafting_table":4,"minecraft:wooden_axe":18,"biomesoplenty:redwood_boat":1,"minecraft:barrel":1,"minecraft:stone_axe":22,"ecologics:coconut_slice":5,"minecraft:cobblestone":2,"minecraft:potion":1,"ecologics:coconut_boat":2,"minecraft:furnace":2,"tombstone:gift":1,"ecologics:coconut_seedling":18},"minecraft:crafted":{"minecraft:glass_bottle":6,"minecraft:barrel":1,"minecraft:crafting_table":3,"ecologics:coconut_planks":48,"minecraft:dried_kelp":26,"minecraft:wooden_pickaxe":1,"minecraft:furnace":2,"minecraft:stone_axe":1,"minecraft:air":0,"minecraft:charcoal":2,"minecraft:stick":8,"ecologics:coconut_slab":6,"minecraft:stone_pickaxe":1,"minecraft:wooden_axe":1,"minecraft:stone_sword":1,"minecraft:torch":4,"ecologics:coconut_boat":1},"minecraft:dropped":{"minecraft:torch":1,"minecraft:wooden_axe":1,"minecraft:potion":3},"minecraft:custom":{"minecraft:blood":0,"minecraft:interact_with_furnace":8,"minecraft:mob_kills":7,"minecraft:dexterity":5,"minecraft:intelligence":5,"minecraft:move_speed":0,"minecraft:interact_with_crafting_table":11,"minecraft:open_barrel":1,"minecraft:leave_game":1,"minecraft:time_since_death":20123,"minecraft:levels_gained":2,"minecraft:mana":110,"minecraft:time_since_rest":19887,"minecraft:magic_shield":0,"minecraft:sprint_one_cm":70906,"minecraft:damage_taken":559,"minecraft:walk_one_cm":39522,"minecraft:drop":5,"minecraft:damage_dealt":1333,"minecraft:health":126,"minecraft:swim_one_cm":51810,"minecraft:fly_one_cm":40783,"minecraft:crouch_one_cm":583,"minecraft:play_time":29785,"tombstone:undead_killed":4,"minecraft:deaths":1,"minecraft:sneak_time":761,"minecraft:walk_under_water_one_cm":23229,"minecraft:boat_one_cm":118930,"minecraft:jump":215,"minecraft:energy":110,"minecraft:strength":9,"minecraft:walk_on_water_one_cm":22969,"minecraft:total_world_time":29785,"minecraft:fall_one_cm":3244},"minecraft:mined":{"minecraft:kelp_plant":27,"minecraft:crafting_table":1,"minecraft:torch":1,"minecraft:kelp":3,"minecraft:tall_seagrass":2,"minecraft:furnace":1,"minecraft:iron_ore":1,"treechop:chopped_log":5,"minecraft:coal_ore":12,"minecraft:sand":8,"minecraft:stone":44,"spelunkers_charm:rock_pile_1":1},"minecraft:killed":{"cataclysm:deepling_angler":2,"ecologics:coconut_crab":4,"minecraft:drowned":8}},"DataVersion":3465}