{"stats":{"minecraft:mined":{"treechop:chopped_log":2},"minecraft:crafted":{"biomesoplenty:fir_planks":48,"minecraft:crafting_table":1,"minecraft:stick":4,"minecraft:wooden_pickaxe":1,"minecraft:wooden_axe":1},"minecraft:used":{"minecraft:wooden_axe":8,"minecraft:crafting_table":1},"minecraft:killed_by":{"minecraft:zombie":1},"minecraft:custom":{"minecraft:time_since_rest":0,"minecraft:blood":0,"minecraft:magic_shield":0,"minecraft:crouch_one_cm":53,"minecraft:play_time":3415,"minecraft:sprint_one_cm":463,"minecraft:deaths":1,"minecraft:damage_taken":456,"minecraft:walk_one_cm":5972,"minecraft:sneak_time":48,"minecraft:dexterity":5,"minecraft:jump":19,"minecraft:intelligence":5,"minecraft:energy":100,"minecraft:damage_dealt":907,"minecraft:leave_game":1,"minecraft:health":117,"minecraft:time_since_death":0,"minecraft:move_speed":0,"minecraft:strength":9,"minecraft:total_world_time":3415,"minecraft:interact_with_crafting_table":1,"minecraft:mana":100,"minecraft:fall_one_cm":1591,"minecraft:fly_one_cm":1420},"minecraft:picked_up":{"minecraft:stick":3,"minecraft:bow":1,"biomesoplenty:fir_sapling":3,"biomesoplenty:fir_log":12,"mmorpg:weapon/staff/wood":1,"minecraft:iron_sword":2}},"DataVersion":3465}