{"stats":{"minecraft:crafted":{"minecraft:crafting_table":1,"biomesoplenty:magic_planks":32},"minecraft:killed_by":{"minecraft:spider":1},"minecraft:custom":{"minecraft:time_since_rest":11506,"minecraft:blood":0,"minecraft:magic_shield":0,"minecraft:sprint_one_cm":101133,"minecraft:damage_taken":1303,"minecraft:walk_one_cm":44677,"minecraft:mob_kills":7,"minecraft:dexterity":5,"minecraft:intelligence":6,"minecraft:damage_dealt":3382,"minecraft:health":120,"minecraft:move_speed":0,"minecraft:swim_one_cm":24413,"minecraft:fly_one_cm":120775,"minecraft:crouch_one_cm":554,"minecraft:play_time":27974,"tombstone:undead_killed":2,"minecraft:deaths":2,"minecraft:sneak_time":855,"minecraft:walk_under_water_one_cm":17576,"minecraft:jump":446,"minecraft:energy":100,"minecraft:leave_game":12,"minecraft:time_since_death":13659,"minecraft:walk_on_water_one_cm":5194,"minecraft:strength":10,"minecraft:total_world_time":27974,"minecraft:fall_one_cm":15018,"minecraft:mana":110},"minecraft:mined":{"biomesoplenty:magic_leaves":1,"treechop:chopped_log":1,"minecraft:grass":2,"minecraft:grass_block":1,"minecraft:sand":3,"minecraft:red_mushroom_block":1,"minecraft:white_wool":1},"minecraft:picked_up":{"biomesoplenty:magic_sapling":3,"minecraft:brown_wool":1,"minecraft:sand":3,"mmorpg:weapon/staff/wood":1,"minecraft:dirt":1,"minecraft:bone":2,"minecraft:arrow":2,"minecraft:rotten_flesh":2,"minecraft:bow":1,"biomesoplenty:magic_log":8,"minecraft:mutton":5,"minecraft:iron_sword":1,"minecraft:white_wool":3},"minecraft:killed":{"minecraft:sheep":6,"minecraft:skeleton":2,"minecraft:zombie":2,"minecraft:spider":4},"minecraft:used":{"minecraft:iron_sword":12,"minecraft:white_wool":2,"minecraft:dirt":1,"minecraft:bow":2}},"DataVersion":3465}