{"stats":{"minecraft:picked_up":{"minecraft:wooden_axe":1,"biomesoplenty:redwood_log":8,"minecraft:charcoal":243,"minecraft:crafting_table":3,"minecraft:wheat":1,"minecraft:lead":2,"minecraft:potion":3,"minecraft:enchanted_book":1,"ecologics:coconut_boat":3,"minecraft:shield":3,"minecraft:string":3,"realisticforging:smithing_hammer":2,"bosses_of_mass_destruction:soul_star":1,"biomesoplenty:redwood_wood":694,"minecraft:birch_sapling":3,"ecologics:crab_claw":3,"minecraft:iron_boots":1,"minecraft:furnace":7,"minecraft:stick":210,"biomesoplenty:redwood_boat":6,"ecologics:coconut_slice":50,"minecraft:copper_ingot":1,"minecraft:torch":23,"ecologics:coconut_seedling":15,"minecraft:dried_kelp":29,"minecraft:diorite":9,"tombstone:grave_dust":2,"minecraft:trident":1,"mmorpg:skill_gems/support/int":1,"realisticforging:smithing_anvil":1,"biomesoplenty:redwood_planks":46,"minecraft:rotten_flesh":28,"ecologics:coconut_log":60,"minecraft:iron_block":1,"realisticforging:raw_iron_ore":51,"tombstone:essence_of_undeath":1,"biomesoplenty:redwood_sapling":146,"ad_astra:hammer":1,"minecraft:cobblestone":221,"minecraft:birch_log":7,"occultism:datura_seeds":7,"minecraft:magma_block":1,"realisticforging:two_sticks":1,"minecraft:andesite":2,"ecologics:coconut_planks":3,"biomesoplenty:redwood_door":2,"minecraft:flint":1,"minecraft:oak_log":34,"scalinghealth:bandages":1,"scalinghealth:heart_crystal":2,"quark:limestone":25,"minecraft:lapis_lazuli":29,"minecraft:dirt":125,"minecraft:glass":7,"minecraft:apple":3,"minecraft:kelp":635,"minecraft:bow":12,"minecraft:wheat_seeds":14,"minecraft:iron_ingot":48,"scalinghealth:power_crystal_shard":1,"realisticforging:cleanedironore":65,"epicsamurai:aquamarine":7,"patchouli:guide_book":1,"realisticforging:hotrawironore":4,"minecraft:gravel":19,"minecraft:sand":8,"ecologics:coconut_husk":1,"mmorpg:rare_mats/mining/medium":1,"mmorpg:weapon/staff/wood":1,"minecraft:spider_eye":1,"cataclysm:lionfish":1,"minecraft:bundle":3,"biomesoplenty:redwood_stairs":1,"mmorpg:plate_set":1,"realisticforging:blacksmithstongs":1,"mmorpg:gems/ruby/0":1,"ageofweapons:iron_stick":2,"minecraft:iron_helmet":1,"minecraft:granite":6,"minecraft:crossbow":1,"minecraft:oak_sapling":27,"tombstone:magic_scroll":1,"epicsamurai:ruby":6,"spelunkers_charm:rock":2,"realisticforging:big_stone":2,"minecraft:coal":42},"minecraft:crafted":{"minecraft:oak_planks":88,"minecraft:barrel":5,"minecraft:iron_nugget":9,"ecologics:coconut_planks":60,"minecraft:furnace":2,"minecraft:blast_furnace":1,"biomesoplenty:redwood_slab":6,"minecraft:stone":39,"realisticforging:wheatbroom":1,"realisticforging:smithing_stone_hammer":2,"minecraft:hopper":4,"minecraft:iron_axe":1,"realisticforging:two_sticks":8,"ecologics:coconut_slab":12,"minecraft:stone_pickaxe":1,"biomesoplenty:redwood_stairs":12,"minecraft:stone_hoe":1,"ecologics:coconut_boat":1,"ecologics:crab_meat":2,"minecraft:glass_bottle":6,"minecraft:crafting_table":7,"biomesoplenty:redwood_door":18,"biomesoplenty:redwood_planks":256,"minecraft:dried_kelp":192,"minecraft:wooden_pickaxe":1,"minecraft:iron_sword":2,"minecraft:bucket":1,"minecraft:stone_axe":1,"minecraft:air":0,"realisticforging:smithing_anvil":1,"realisticforging:hotrawironore":34,"minecraft:iron_chestplate":1,"minecraft:charcoal":169,"quark:oak_chest":10,"minecraft:stick":8,"minecraft:iron_ingot":9,"realisticforging:blacksmithstongs":1,"minecraft:iron_pickaxe":1,"minecraft:iron_leggings":1,"minecraft:wooden_axe":1,"minecraft:iron_block":1,"minecraft:stone_sword":1,"minecraft:iron_shovel":1,"minecraft:torch":20},"minecraft:used":{"minecraft:trident":3,"minecraft:stone_sword":131,"biomesoplenty:redwood_door":18,"minecraft:iron_shovel":138,"biomesoplenty:redwood_planks":198,"minecraft:dried_kelp":25,"minecraft:stone":1,"minecraft:iron_sword":281,"minecraft:stone_hoe":27,"minecraft:torch":34,"minecraft:dirt":67,"scalinghealth:heart_crystal":2,"minecraft:hopper":4,"ecologics:crab_meat":2,"minecraft:glass":1,"minecraft:wooden_axe":18,"minecraft:iron_axe":74,"minecraft:iron_boots":1,"biomesoplenty:redwood_boat":4,"minecraft:barrel":5,"minecraft:oak_sapling":6,"minecraft:furnace":7,"ecologics:coconut_boat":4,"tombstone:gift":4,"ecologics:coconut_seedling":18,"minecraft:wheat_seeds":12,"minecraft:water_bucket":2,"minecraft:bundle":1,"minecraft:glass_bottle":38,"minecraft:stone_pickaxe":58,"realisticforging:smithing_anvil":2,"minecraft:wooden_pickaxe":6,"minecraft:crafting_table":10,"minecraft:blast_furnace":1,"minecraft:oak_log":1,"realisticforging:big_stone":2,"minecraft:iron_pickaxe":210,"minecraft:gravel":3,"minecraft:stone_axe":30,"ecologics:coconut_slice":60,"minecraft:cobblestone":166,"minecraft:potion":36,"minecraft:bucket":4,"quark:oak_chest":5,"biomesoplenty:redwood_stairs":13},"minecraft:dropped":{"minecraft:iron_ingot":7,"mmorpg:invisible_item":1,"realisticforging:raw_iron_ore":2,"realisticforging:smithing_stone_hammer":1,"minecraft:copper_ingot":1,"quark:limestone":1,"minecraft:stick":2,"tombstone:magic_scroll":1,"minecraft:torch":1,"minecraft:wooden_axe":2,"realisticforging:smithing_hammer":1,"minecraft:potion":4,"realisticforging:blacksmithstongs":1,"ad_astra:hammer":1,"minecraft:gravel":1,"minecraft:stone_axe":2,"ecologics:coconut_planks":3,"minecraft:iron_nugget":7,"minecraft:rotten_flesh":2,"mmorpg:plate_set":1,"minecraft:shield":1,"ecologics:coconut_husk":1,"minecraft:bow":1},"minecraft:custom":{"minecraft:blood":0,"minecraft:mob_kills":44,"minecraft:dexterity":6,"minecraft:interact_with_crafting_table":48,"minecraft:open_barrel":111,"minecraft:leave_game":4,"minecraft:time_since_death":80923,"minecraft:mana":154,"minecraft:magic_shield":0,"minecraft:sprint_one_cm":321288,"minecraft:walk_one_cm":408676,"minecraft:drop":40,"minecraft:health":244,"minecraft:play_time":227097,"minecraft:deaths":2,"minecraft:sneak_time":10242,"minecraft:walk_under_water_one_cm":210169,"minecraft:boat_one_cm":847798,"tombstone:tomb_raiding":1,"minecraft:jump":1618,"minecraft:energy":150,"minecraft:interact_with_blast_furnace":5,"minecraft:walk_on_water_one_cm":142519,"minecraft:total_world_time":227097,"minecraft:interact_with_furnace":177,"minecraft:intelligence":6,"minecraft:move_speed":0,"minecraft:levels_gained":5,"minecraft:time_since_rest":79153,"minecraft:damage_taken":6643,"minecraft:damage_dealt":8894,"minecraft:open_chest":8,"minecraft:swim_one_cm":355375,"minecraft:fly_one_cm":206138,"minecraft:crouch_one_cm":25140,"tombstone:undead_killed":29,"minecraft:strength":19,"minecraft:fall_one_cm":23366},"minecraft:broken":{"minecraft:stone_sword":1,"minecraft:iron_sword":1},"minecraft:mined":{"minecraft:oak_sapling":1,"minecraft:granite":5,"minecraft:grass_block":70,"realisticforging:big_stone":1,"minecraft:kelp":16,"minecraft:tall_seagrass":5,"minecraft:magma_block":1,"minecraft:furnace":7,"minecraft:iron_ore":20,"minecraft:fire":7,"minecraft:andesite":3,"treechop:chopped_log":11,"biomesoplenty:redwood_stairs":1,"biomesoplenty:redwood_door":1,"quark:limestone":22,"minecraft:stone":145,"spelunkers_charm:rock_pile_1":1,"biomesoplenty:redwood_planks":27,"quark:oak_chest":1,"minecraft:kelp_plant":153,"minecraft:crafting_table":3,"minecraft:torch":8,"minecraft:tall_grass":11,"minecraft:cobblestone":2,"minecraft:lapis_ore":5,"minecraft:diorite":9,"realisticforging:smithing_anvil":2,"minecraft:wall_torch":12,"minecraft:seagrass":4,"epicsamurai:aquamarine_ore":7,"minecraft:grass":93,"minecraft:oak_log":1,"minecraft:coal_ore":32,"minecraft:gravel":17,"minecraft:sand":8,"minecraft:dirt":55,"epicsamurai:ruby_ore":6,"minecraft:fern":1},"minecraft:killed_by":{"cave_dweller:cave_dweller":1},"minecraft:killed":{"ecologics:coconut_crab":12,"minecraft:drowned":56,"cataclysm:lionfish":2,"cataclysm:deepling_angler":4,"minecraft:zombie_villager":2,"naturalist:butterfly":2,"cataclysm:deepling":2,"minecraft:player":2}},"DataVersion":3465}