{"stats":{"minecraft:picked_up":{"minecraft:wooden_axe":1,"biomesoplenty:redwood_log":8,"minecraft:crafting_table":1,"ecologics:coconut_planks":3,"minecraft:lead":2,"minecraft:enchanted_book":1,"minecraft:potion":3,"ecologics:coconut_boat":3,"scalinghealth:heart_crystal":1,"minecraft:glass":7,"minecraft:kelp":168,"minecraft:bow":10,"realisticforging:cleanedironore":2,"scalinghealth:power_crystal_shard":1,"biomesoplenty:redwood_wood":694,"minecraft:iron_boots":1,"ecologics:crab_claw":3,"minecraft:furnace":1,"minecraft:stick":104,"biomesoplenty:redwood_boat":3,"ecologics:coconut_slice":48,"patchouli:guide_book":1,"minecraft:copper_ingot":1,"minecraft:torch":10,"ecologics:coconut_seedling":15,"minecraft:sand":8,"minecraft:dried_kelp":29,"mmorpg:weapon/staff/wood":1,"mmorpg:skill_gems/support/int":1,"minecraft:trident":1,"cataclysm:lionfish":1,"minecraft:bundle":2,"biomesoplenty:redwood_planks":23,"minecraft:rotten_flesh":22,"mmorpg:gems/ruby/0":1,"ecologics:coconut_log":60,"minecraft:crossbow":1,"realisticforging:raw_iron_ore":11,"tombstone:essence_of_undeath":1,"biomesoplenty:redwood_sapling":146,"spelunkers_charm:rock":2,"minecraft:coal":22,"minecraft:cobblestone":43},"minecraft:used":{"minecraft:trident":3,"minecraft:stone_sword":131,"biomesoplenty:redwood_planks":91,"minecraft:bundle":1,"minecraft:glass_bottle":25,"minecraft:stone_pickaxe":57,"minecraft:dried_kelp":13,"minecraft:wooden_pickaxe":6,"minecraft:iron_sword":216,"minecraft:torch":8,"scalinghealth:heart_crystal":1,"minecraft:crafting_table":4,"ecologics:crab_meat":2,"minecraft:glass":1,"minecraft:wooden_axe":18,"minecraft:iron_boots":1,"biomesoplenty:redwood_boat":2,"minecraft:barrel":2,"minecraft:stone_axe":30,"ecologics:coconut_slice":43,"minecraft:cobblestone":8,"minecraft:potion":23,"ecologics:coconut_boat":4,"minecraft:furnace":2,"tombstone:gift":2,"ecologics:coconut_seedling":18,"biomesoplenty:redwood_stairs":8},"minecraft:crafted":{"minecraft:glass_bottle":6,"minecraft:barrel":2,"minecraft:crafting_table":3,"ecologics:coconut_planks":60,"biomesoplenty:redwood_planks":256,"minecraft:dried_kelp":66,"minecraft:wooden_pickaxe":1,"minecraft:furnace":2,"minecraft:stone":8,"minecraft:stone_axe":1,"minecraft:air":0,"minecraft:charcoal":2,"minecraft:stick":8,"ecologics:coconut_slab":12,"minecraft:stone_pickaxe":1,"minecraft:wooden_axe":1,"minecraft:stone_sword":1,"biomesoplenty:redwood_stairs":8,"minecraft:torch":4,"ecologics:coconut_boat":1,"ecologics:crab_meat":2},"minecraft:dropped":{"minecraft:stone_axe":1,"ecologics:coconut_planks":3,"realisticforging:raw_iron_ore":2,"minecraft:rotten_flesh":1,"minecraft:copper_ingot":1,"minecraft:shield":1,"minecraft:torch":1,"minecraft:wooden_axe":2,"minecraft:potion":3,"minecraft:bow":1},"minecraft:custom":{"minecraft:blood":0,"minecraft:interact_with_furnace":33,"minecraft:mob_kills":33,"minecraft:dexterity":6,"minecraft:intelligence":6,"minecraft:move_speed":0,"minecraft:interact_with_crafting_table":13,"minecraft:open_barrel":48,"minecraft:leave_game":1,"minecraft:time_since_death":92123,"minecraft:levels_gained":4,"minecraft:mana":140,"minecraft:time_since_rest":91887,"minecraft:magic_shield":0,"minecraft:sprint_one_cm":206114,"minecraft:damage_taken":3297,"minecraft:walk_one_cm":205362,"minecraft:drop":14,"minecraft:damage_dealt":6468,"minecraft:health":193,"minecraft:swim_one_cm":131042,"minecraft:fly_one_cm":145152,"minecraft:crouch_one_cm":1804,"minecraft:play_time":101785,"tombstone:undead_killed":19,"minecraft:deaths":1,"minecraft:sneak_time":1785,"minecraft:walk_under_water_one_cm":88945,"minecraft:boat_one_cm":405522,"tombstone:tomb_raiding":1,"minecraft:jump":980,"minecraft:energy":140,"minecraft:strength":18,"minecraft:walk_on_water_one_cm":84290,"minecraft:total_world_time":101785,"minecraft:fall_one_cm":17696},"minecraft:broken":{"minecraft:stone_sword":1},"minecraft:mined":{"minecraft:kelp_plant":27,"minecraft:crafting_table":1,"minecraft:torch":3,"minecraft:kelp":3,"minecraft:wall_torch":1,"minecraft:tall_seagrass":2,"minecraft:furnace":1,"minecraft:fire":3,"minecraft:iron_ore":4,"treechop:chopped_log":6,"minecraft:coal_ore":12,"minecraft:sand":8,"minecraft:stone":45,"spelunkers_charm:rock_pile_1":1,"minecraft:fern":1},"minecraft:killed":{"cataclysm:deepling_angler":4,"minecraft:zombie_villager":2,"naturalist:butterfly":2,"cataclysm:deepling":2,"ecologics:coconut_crab":12,"cataclysm:lionfish":2,"minecraft:drowned":36,"minecraft:player":2}},"DataVersion":3465}