{"stats":{"minecraft:mined":{"minecraft:grass":1},"minecraft:custom":{"minecraft:jump":33,"minecraft:intelligence":0,"minecraft:time_since_rest":1841,"minecraft:energy":50,"minecraft:blood":0,"minecraft:magic_shield":0,"minecraft:leave_game":2,"minecraft:play_time":1841,"minecraft:health":70,"minecraft:sprint_one_cm":7969,"minecraft:time_since_death":1841,"minecraft:move_speed":0,"minecraft:walk_one_cm":1999,"minecraft:strength":0,"minecraft:sneak_time":22,"minecraft:total_world_time":1841,"minecraft:mana":50,"minecraft:fall_one_cm":1615,"minecraft:fly_one_cm":9460,"minecraft:dexterity":0}},"DataVersion":3465}