{"stats":{"minecraft:crafted":{"minecraft:birch_planks":28,"minecraft:stone_axe":1,"minecraft:crafting_table":1,"minecraft:stick":4,"minecraft:wooden_axe":1},"minecraft:used":{"minecraft:wooden_axe":31,"minecraft:stone_axe":63,"minecraft:crafting_table":2,"minecraft:birch_log":6},"minecraft:killed_by":{"minecraft:spider":1},"minecraft:mined":{"minecraft:grass_block":1,"minecraft:mushroom_stem":3,"minecraft:red_mushroom_block":15,"treechop:chopped_log":13,"minecraft:crafting_table":1},"minecraft:custom":{"minecraft:time_since_rest":1,"minecraft:crouch_one_cm":149,"minecraft:play_time":11143,"minecraft:sprint_one_cm":26037,"minecraft:damage_taken":723,"minecraft:walk_one_cm":40051,"minecraft:deaths":3,"minecraft:sneak_time":117,"minecraft:walk_under_water_one_cm":7411,"minecraft:jump":204,"minecraft:leave_game":1,"minecraft:time_since_death":3,"minecraft:walk_on_water_one_cm":4673,"minecraft:total_world_time":11143,"minecraft:swim_one_cm":10817,"minecraft:interact_with_crafting_table":2,"minecraft:fall_one_cm":3309,"minecraft:fly_one_cm":23275},"minecraft:picked_up":{"minecraft:birch_log":65,"minecraft:crafting_table":1,"minecraft:stick":13,"minecraft:red_mushroom":39,"minecraft:gunpowder":2,"minecraft:birch_sapling":26,"minecraft:dirt":17,"minecraft:cobblestone":3}},"DataVersion":3465}