{"stats":{"minecraft:picked_up":{"hogcraft:galleon":4,"minecraft:andesite":4,"minecraft:brown_mushroom":32,"minecraft:red_mushroom":34,"minecraft:oak_log":10,"scalinghealth:heart_crystal":2,"skilltree:gem":2,"minecraft:dirt":35,"glowroot:squid_tentacle":1,"minecraft:bone":8,"minecraft:stone_pickaxe":2,"realisticforging:cleanedironore":64,"minecraft:poppy":2,"minecraft:moss_block":1,"minecraft:furnace":1,"minecraft:dark_oak_sapling":3,"minecraft:stick":9,"minecraft:torch":11,"minecraft:gravel":9,"epicfight:skillbook":1,"minecraft:sand":4,"minecraft:ink_sac":2,"tombstone:grave_dust":3,"minecraft:diorite":5,"minecraft:dark_oak_log":42,"minecraft:arrow":3,"minecraft:rotten_flesh":8,"realisticforging:raw_iron_ore":25,"werewolves:cracked_bone":2,"minecraft:oak_sapling":2,"minecraft:glow_berries":16,"minecraft:coal":74,"minecraft:cobblestone":213},"minecraft:broken":{"minecraft:stone_pickaxe":1},"minecraft:dropped":{"minecraft:cobblestone":3,"minecraft:torch":1,"minecraft:potion":1,"minecraft:stone_pickaxe":2},"minecraft:mined":{"minecraft:torch":1,"minecraft:cave_vines_plant":3,"minecraft:grass_block":4,"spelunkers_charm:dead_grass":1,"minecraft:tall_grass":1,"minecraft:cobblestone":3,"minecraft:moss_block":1,"minecraft:diorite":5,"minecraft:wall_torch":9,"minecraft:furnace":1,"minecraft:iron_ore":10,"minecraft:andesite":5,"treechop:chopped_log":8,"minecraft:grass":2,"minecraft:cave_vines":3,"minecraft:coal_ore":11,"minecraft:gravel":9,"minecraft:sand":4,"minecraft:dirt":17,"minecraft:red_mushroom_block":4,"minecraft:stone":200,"bushierflowers:grown_poppy":1},"minecraft:custom":{"minecraft:interact_with_furnace":15,"minecraft:mob_kills":17,"tombstone:raider_killed":1,"minecraft:interact_with_crafting_table":16,"minecraft:time_since_death":19403,"minecraft:climb_one_cm":400,"minecraft:time_since_rest":19318,"minecraft:sprint_one_cm":101135,"minecraft:damage_taken":1147,"minecraft:walk_one_cm":467040,"minecraft:drop":7,"minecraft:damage_dealt":3540,"minecraft:damage_dealt_absorbed":20,"minecraft:swim_one_cm":7278,"minecraft:fly_one_cm":37928,"minecraft:open_chest":21,"minecraft:crouch_one_cm":13951,"minecraft:play_time":65006,"tombstone:undead_killed":15,"minecraft:deaths":5,"minecraft:sneak_time":1932,"minecraft:walk_under_water_one_cm":5588,"minecraft:jump":860,"minecraft:walk_on_water_one_cm":12181,"minecraft:total_world_time":65006,"minecraft:fall_one_cm":7534},"minecraft:crafted":{"minecraft:glass_bottle":3,"minecraft:oak_planks":40,"minecraft:wooden_shovel":1,"minecraft:crafting_table":2,"minecraft:wooden_pickaxe":1,"minecraft:bowl":4,"minecraft:furnace":4,"minecraft:mushroom_stew":3,"minecraft:stone_axe":1,"minecraft:air":0,"minecraft:dark_oak_door":6,"minecraft:glass":4,"minecraft:charcoal":26,"minecraft:stick":36,"quark:oak_chest":1,"minecraft:stone_pickaxe":1,"minecraft:wooden_axe":1,"minecraft:stone_sword":2,"minecraft:dark_oak_planks":56,"minecraft:torch":44},"minecraft:killed":{"minecraft:squid":2,"minecraft:skeleton":14,"minecraft:pillager":2,"minecraft:zombie":16},"minecraft:used":{"epicfight:skillbook":1,"minecraft:stone_sword":105,"minecraft:glass_bottle":3,"minecraft:stone_pickaxe":226,"minecraft:poppy":2,"minecraft:wooden_pickaxe":17,"minecraft:wooden_shovel":4,"minecraft:rotten_flesh":1,"minecraft:torch":49,"minecraft:dirt":12,"scalinghealth:heart_crystal":1,"minecraft:crafting_table":2,"minecraft:mushroom_stew":2,"minecraft:wooden_axe":36,"minecraft:gravel":3,"minecraft:stone_axe":19,"minecraft:cobblestone":53,"minecraft:furnace":5,"tombstone:gift":5,"quark:oak_chest":1}},"DataVersion":3465}