{"stats":{"minecraft:crafted":{"minecraft:crafting_table":1,"minecraft:stick":32,"minecraft:wooden_pickaxe":1,"minecraft:stone_pickaxe":2,"minecraft:wooden_axe":1,"minecraft:stone_sword":2,"minecraft:birch_planks":88},"minecraft:dropped":{"minecraft:stone_sword":1},"minecraft:custom":{"minecraft:time_since_rest":5395,"minecraft:blood":0,"minecraft:magic_shield":0,"minecraft:sprint_one_cm":12602,"minecraft:damage_taken":523,"minecraft:walk_one_cm":31434,"minecraft:mob_kills":4,"minecraft:drop":1,"minecraft:dexterity":5,"minecraft:intelligence":5,"minecraft:damage_dealt":6493,"minecraft:health":129,"minecraft:move_speed":0,"minecraft:interact_with_crafting_table":7,"minecraft:fly_one_cm":12129,"minecraft:crouch_one_cm":1111,"minecraft:play_time":12968,"tombstone:undead_killed":4,"minecraft:deaths":1,"minecraft:sneak_time":436,"minecraft:damage_dealt_resisted":20,"minecraft:jump":139,"minecraft:energy":100,"minecraft:leave_game":2,"minecraft:time_since_death":5876,"minecraft:strength":12,"minecraft:total_world_time":12968,"minecraft:fall_one_cm":2469,"minecraft:mana":100},"minecraft:mined":{"treechop:chopped_log":4,"minecraft:stone":13},"minecraft:picked_up":{"minecraft:wooden_axe":1,"minecraft:birch_log":56,"minecraft:stick":1,"minecraft:feather":2,"minecraft:chicken":2,"patchouli:guide_book":1,"minecraft:wooden_pickaxe":1,"minecraft:birch_planks":61,"spelunkers_charm:old_miners_bundle":1,"tombstone:grave_dust":2,"mmorpg:weapon/staff/wood":2,"minecraft:dirt":35,"minecraft:stone_sword":1,"minecraft:rotten_flesh":2,"minecraft:stone_axe":1,"minecraft:bow":1,"minecraft:stone_pickaxe":2,"minecraft:birch_sapling":13,"minecraft:iron_sword":3,"minecraft:cobblestone":16},"minecraft:killed":{"minecraft:skeleton":2,"minecraft:zombie":4,"hordes:zombie_player":2},"minecraft:used":{"minecraft:wooden_axe":27,"minecraft:stone_sword":9,"minecraft:wooden_pickaxe":15,"minecraft:iron_sword":11,"minecraft:rotten_flesh":1,"minecraft:crafting_table":1}},"DataVersion":3465}