{"stats":{"minecraft:picked_up":{"minecraft:wooden_axe":1,"biomesoplenty:redwood_log":8,"minecraft:charcoal":243,"minecraft:crafting_table":4,"minecraft:wheat":4,"minecraft:lead":2,"minecraft:gold_block":1,"minecraft:potion":3,"minecraft:enchanted_book":1,"minecraft:gilded_blackstone":3,"ecologics:coconut_boat":3,"minecraft:shield":3,"minecraft:string":3,"minecraft:sea_pickle":3,"realisticforging:smithing_hammer":2,"bosses_of_mass_destruction:soul_star":1,"minecraft:deepslate_diamond_ore":3,"biomesoplenty:redwood_wood":694,"minecraft:melon_slice":5,"minecraft:birch_sapling":3,"ecologics:crab_claw":3,"minecraft:iron_boots":1,"minecraft:furnace":7,"minecraft:stick":218,"minecraft:raw_gold_block":5,"biomesoplenty:redwood_boat":6,"ecologics:coconut_slice":50,"minecraft:copper_ingot":2,"cataclysm:chiseled_stone_brick_pillar":1,"minecraft:torch":23,"ecologics:coconut_seedling":15,"minecraft:porkchop":3,"minecraft:dried_kelp":29,"tombstone:grave_dust":2,"minecraft:diorite":9,"minecraft:trident":1,"mmorpg:skill_gems/support/int":1,"realisticforging:smithing_anvil":1,"biomesoplenty:redwood_planks":64,"minecraft:rotten_flesh":34,"werewolves:silver_pickaxe":1,"ecologics:coconut_log":60,"minecraft:iron_block":3,"realisticforging:raw_iron_ore":59,"tombstone:essence_of_undeath":1,"biomesoplenty:redwood_sapling":146,"minecraft:glow_berries":11,"cataclysm:stone_pillar":2,"ad_astra:hammer":1,"minecraft:cobblestone":224,"minecraft:birch_log":7,"occultism:datura_seeds":7,"minecraft:magma_block":1,"realisticforging:two_sticks":1,"minecraft:andesite":2,"ecologics:coconut_planks":3,"biomesoplenty:redwood_door":4,"minecraft:flint":1,"minecraft:oak_log":57,"scalinghealth:bandages":1,"scalinghealth:heart_crystal":2,"minecraft:lapis_lazuli":29,"quark:limestone":25,"minecraft:dirt":125,"minecraft:glass":7,"minecraft:apple":3,"minecraft:stone_bricks":2,"minecraft:kelp":747,"minecraft:bow":12,"minecraft:wheat_seeds":20,"minecraft:deepslate_emerald_ore":3,"minecraft:iron_ingot":48,"scalinghealth:power_crystal_shard":1,"realisticforging:cleanedironore":65,"epicsamurai:aquamarine":7,"minecraft:emerald_block":1,"cataclysm:stone_tile_wall":1,"patchouli:guide_book":1,"minecraft:raw_iron_block":2,"realisticforging:hotrawironore":4,"minecraft:gravel":19,"minecraft:sand":28,"ecologics:coconut_husk":1,"mmorpg:rare_mats/mining/medium":1,"minecraft:diamond_block":1,"mmorpg:weapon/staff/wood":4,"minecraft:spider_eye":1,"minecraft:bundle":3,"cataclysm:lionfish":2,"biomesoplenty:redwood_stairs":1,"mmorpg:plate_set":1,"realisticforging:blacksmithstongs":1,"mmorpg:gems/ruby/0":1,"ageofweapons:iron_stick":2,"minecraft:iron_helmet":2,"minecraft:crossbow":1,"minecraft:granite":6,"minecraft:oak_sapling":45,"tombstone:magic_scroll":1,"epicsamurai:ruby":6,"spelunkers_charm:rock":2,"realisticforging:big_stone":2,"minecraft:coal":42},"minecraft:crafted":{"minecraft:oak_planks":224,"minecraft:barrel":6,"minecraft:iron_nugget":9,"ecologics:coconut_planks":60,"werewolves:silver_pickaxe":2,"minecraft:furnace":2,"minecraft:blast_furnace":1,"biomesoplenty:redwood_slab":6,"minecraft:stone":39,"realisticforging:wheatbroom":1,"realisticforging:smithing_stone_hammer":2,"minecraft:hopper":8,"minecraft:iron_axe":1,"realisticforging:two_sticks":8,"ecologics:coconut_slab":12,"minecraft:stone_pickaxe":1,"minecraft:chest":1,"biomesoplenty:redwood_stairs":12,"minecraft:stone_hoe":1,"ecologics:coconut_boat":1,"ecologics:crab_meat":2,"minecraft:glass_bottle":6,"minecraft:oak_slab":6,"biomesoplenty:redwood_door":18,"minecraft:crafting_table":7,"biomesoplenty:redwood_planks":256,"minecraft:dried_kelp":192,"minecraft:wooden_pickaxe":1,"minecraft:iron_sword":2,"minecraft:bucket":1,"minecraft:stone_axe":1,"minecraft:air":0,"minecraft:oak_boat":1,"realisticforging:smithing_anvil":1,"realisticforging:hotrawironore":34,"minecraft:iron_chestplate":1,"minecraft:charcoal":169,"minecraft:gold_ingot":9,"minecraft:stick":8,"quark:oak_chest":24,"werewolves:silver_boots":1,"realisticforging:blacksmithstongs":1,"minecraft:iron_ingot":27,"minecraft:iron_pickaxe":1,"minecraft:wooden_axe":1,"minecraft:iron_block":1,"minecraft:stone_sword":1,"minecraft:iron_shovel":1,"minecraft:iron_leggings":1,"minecraft:torch":20},"minecraft:used":{"minecraft:trident":3,"minecraft:stone_sword":131,"biomesoplenty:redwood_door":19,"minecraft:iron_shovel":156,"biomesoplenty:redwood_planks":220,"minecraft:dried_kelp":34,"minecraft:stone":1,"minecraft:iron_sword":300,"minecraft:rotten_flesh":5,"minecraft:stone_hoe":27,"minecraft:torch":42,"minecraft:dirt":67,"scalinghealth:heart_crystal":2,"minecraft:hopper":8,"ecologics:crab_meat":2,"minecraft:glass":1,"minecraft:wooden_axe":18,"minecraft:iron_axe":99,"minecraft:iron_boots":1,"biomesoplenty:redwood_boat":4,"minecraft:barrel":5,"minecraft:stone_bricks":2,"minecraft:oak_sapling":11,"minecraft:furnace":7,"ecologics:coconut_boat":4,"tombstone:gift":4,"ecologics:coconut_seedling":18,"minecraft:wheat_seeds":12,"minecraft:water_bucket":6,"minecraft:bundle":1,"minecraft:glass_bottle":43,"minecraft:stone_pickaxe":58,"realisticforging:smithing_anvil":2,"minecraft:wooden_pickaxe":6,"minecraft:glow_berries":18,"minecraft:sand":20,"minecraft:crafting_table":11,"minecraft:blast_furnace":1,"minecraft:oak_log":1,"realisticforging:big_stone":2,"minecraft:iron_pickaxe":248,"ecologics:coconut_slice":60,"minecraft:gravel":3,"minecraft:stone_axe":30,"minecraft:cobblestone":168,"minecraft:potion":42,"minecraft:bucket":8,"quark:oak_chest":10,"minecraft:oak_boat":1,"biomesoplenty:redwood_stairs":13},"minecraft:dropped":{"minecraft:iron_ingot":7,"mmorpg:invisible_item":1,"realisticforging:raw_iron_ore":2,"realisticforging:smithing_stone_hammer":1,"minecraft:copper_ingot":1,"quark:limestone":1,"minecraft:stick":2,"minecraft:torch":1,"tombstone:magic_scroll":1,"minecraft:wooden_axe":2,"realisticforging:smithing_hammer":1,"minecraft:potion":4,"realisticforging:blacksmithstongs":1,"ad_astra:hammer":1,"minecraft:gravel":1,"minecraft:stone_axe":2,"ecologics:coconut_planks":3,"minecraft:iron_nugget":25,"werewolves:silver_pickaxe":2,"minecraft:rotten_flesh":2,"mmorpg:plate_set":1,"minecraft:shield":1,"ecologics:coconut_husk":1,"minecraft:oak_sapling":3,"minecraft:bow":1,"biomesoplenty:redwood_door":1},"minecraft:custom":{"minecraft:blood":0,"minecraft:mob_kills":47,"minecraft:dexterity":6,"minecraft:interact_with_crafting_table":61,"minecraft:open_barrel":124,"minecraft:leave_game":6,"minecraft:time_since_death":121301,"minecraft:climb_one_cm":452,"minecraft:mana":154,"minecraft:magic_shield":0,"minecraft:sprint_one_cm":373183,"minecraft:walk_one_cm":463490,"minecraft:drop":45,"minecraft:health":244,"minecraft:play_time":267475,"minecraft:sneak_time":11983,"minecraft:deaths":2,"minecraft:walk_under_water_one_cm":249453,"minecraft:boat_one_cm":1016894,"tombstone:tomb_raiding":1,"minecraft:jump":1854,"minecraft:energy":150,"minecraft:interact_with_blast_furnace":5,"minecraft:walk_on_water_one_cm":164765,"minecraft:total_world_time":267475,"minecraft:interact_with_furnace":182,"minecraft:intelligence":6,"minecraft:move_speed":0,"minecraft:levels_gained":5,"minecraft:time_since_rest":119531,"minecraft:damage_taken":7357,"minecraft:damage_dealt":9425,"minecraft:swim_one_cm":404078,"minecraft:fly_one_cm":241859,"minecraft:open_chest":47,"minecraft:crouch_one_cm":30657,"tombstone:undead_killed":31,"minecraft:strength":19,"minecraft:fall_one_cm":28130},"minecraft:broken":{"minecraft:stone_sword":1,"minecraft:iron_sword":1},"minecraft:mined":{"minecraft:oak_sapling":1,"minecraft:deepslate_diamond_ore":3,"minecraft:cave_vines_plant":2,"cataclysm:stone_pillar":2,"minecraft:granite":5,"minecraft:grass_block":70,"cataclysm:chiseled_stone_brick_pillar":1,"realisticforging:big_stone":1,"minecraft:kelp":16,"minecraft:gilded_blackstone":3,"minecraft:tall_seagrass":5,"minecraft:raw_iron_block":2,"minecraft:magma_block":1,"minecraft:furnace":7,"minecraft:raw_gold_block":5,"minecraft:iron_ore":22,"minecraft:fire":7,"minecraft:andesite":3,"minecraft:diamond_block":1,"treechop:chopped_log":15,"minecraft:gold_block":1,"biomesoplenty:redwood_stairs":1,"biomesoplenty:redwood_door":1,"minecraft:cave_vines":1,"minecraft:deepslate_iron_ore":3,"quark:limestone":22,"minecraft:stone":147,"minecraft:iron_block":2,"spelunkers_charm:rock_pile_1":1,"biomesoplenty:redwood_planks":27,"quark:oak_chest":2,"minecraft:kelp_plant":153,"minecraft:crafting_table":3,"minecraft:torch":8,"minecraft:melon":1,"minecraft:tall_grass":11,"minecraft:cobblestone":6,"minecraft:lapis_ore":5,"minecraft:diorite":9,"minecraft:wall_torch":12,"realisticforging:smithing_anvil":2,"minecraft:seagrass":4,"minecraft:sea_pickle":2,"epicsamurai:aquamarine_ore":7,"minecraft:grass":93,"minecraft:oak_log":1,"minecraft:coal_ore":32,"minecraft:sand":28,"minecraft:gravel":17,"minecraft:dirt":55,"minecraft:stone_bricks":2,"minecraft:emerald_block":1,"minecraft:deepslate_emerald_ore":3,"epicsamurai:ruby_ore":6,"minecraft:fern":1},"minecraft:killed_by":{"cave_dweller:cave_dweller":1},"minecraft:killed":{"ecologics:coconut_crab":12,"cataclysm:lionfish":4,"minecraft:drowned":60,"cataclysm:deepling_angler":4,"minecraft:zombie_villager":2,"naturalist:butterfly":2,"cataclysm:deepling":2,"minecraft:player":2}},"DataVersion":3465}