{"stats":{"minecraft:picked_up":{"minecraft:crafting_table":2,"minecraft:clay_ball":20,"minecraft:andesite":22,"ecologics:seashell":1,"minecraft:red_mushroom":3,"occultism:raw_silver":3,"minecraft:potion":1,"minecraft:flint":2,"skilltree:gem":23,"minecraft:blue_bed":3,"minecraft:dirt":8,"minecraft:lantern":4,"minecraft:apple":1,"quark:spruce_chest":1,"minecraft:wheat_seeds":1,"minecraft:stone_pickaxe":1,"scalinghealth:power_crystal_shard":5,"minecraft:dark_oak_sapling":7,"minecraft:stick":4,"minecraft:pumpkin":2,"minecraft:sweet_berries":9,"minecraft:torch":5,"realisticforging:hotrawironore":1,"minecraft:gravel":14,"minecraft:spruce_sapling":1,"minecraft:spruce_log":9,"minecraft:dark_oak_log":49,"minecraft:tropical_fish":13,"minecraft:hay_block":20,"minecraft:granite":21,"realisticforging:raw_iron_ore":42,"minecraft:bone_meal":1,"scalinghealth:cursed_heart":1,"minecraft:glow_berries":2,"realisticforging:big_stone":5,"minecraft:coal":127,"minecraft:cobblestone":748},"minecraft:broken":{"minecraft:stone_pickaxe":7},"minecraft:dropped":{"minecraft:bread":15,"realisticforging:hotrawironore":1,"minecraft:dark_oak_sapling":7,"minecraft:lantern":3,"minecraft:red_mushroom":3,"minecraft:flint":2,"tombstone:grave_key":1,"realisticforging:cleanedironore":39,"minecraft:stone_pickaxe":2},"minecraft:mined":{"minecraft:dark_oak_log":3,"minecraft:cave_vines_plant":1,"minecraft:clay":5,"minecraft:crafting_table":2,"minecraft:torch":2,"minecraft:granite":21,"minecraft:grass_block":1,"minecraft:decorated_pot":1,"minecraft:cobblestone":3,"realisticforging:big_stone":5,"minecraft:blue_bed":3,"minecraft:wall_torch":3,"minecraft:hay_block":20,"ecologics:seashell":1,"minecraft:iron_ore":17,"minecraft:sweet_berry_bush":1,"minecraft:andesite":21,"minecraft:pumpkin":2,"treechop:chopped_log":3,"minecraft:grass":2,"minecraft:coal_ore":127,"quark:spruce_chest":1,"minecraft:gravel":17,"minecraft:dirt":8,"occultism:silver_ore":3,"minecraft:stone":758,"minecraft:oak_leaves":3,"minecraft:fern":1},"minecraft:custom":{"minecraft:interact_with_furnace":10,"minecraft:mob_kills":10,"minecraft:interact_with_crafting_table":23,"minecraft:open_barrel":8,"minecraft:time_since_death":16318,"minecraft:climb_one_cm":8590,"minecraft:time_since_rest":14961,"minecraft:sprint_one_cm":259552,"minecraft:damage_taken":1674,"minecraft:walk_one_cm":511892,"minecraft:drop":11,"minecraft:damage_dealt":407,"minecraft:swim_one_cm":29406,"minecraft:talked_to_villager":3,"minecraft:fly_one_cm":178910,"minecraft:open_chest":23,"minecraft:crouch_one_cm":74874,"minecraft:play_time":85083,"minecraft:deaths":7,"minecraft:sneak_time":11872,"minecraft:walk_under_water_one_cm":21719,"minecraft:jump":964,"minecraft:walk_on_water_one_cm":13755,"minecraft:total_world_time":85083,"minecraft:fall_one_cm":13040},"minecraft:crafted":{"minecraft:crafting_table":3,"minecraft:spruce_planks":36,"minecraft:stone_axe":1,"minecraft:bread":36,"quark:dark_oak_chest":2,"realisticforging:smithing_stone_hammer":1,"realisticforging:hotrawironore":2,"realisticforging:two_sticks":2,"minecraft:stick":56,"minecraft:stone_pickaxe":12,"minecraft:stone_sword":1,"quark:spruce_chest":2,"minecraft:dark_oak_planks":196,"minecraft:torch":44,"minecraft:wheat":108},"minecraft:killed_by":{"minecraft:skeleton":1},"minecraft:killed":{"minecraft:tropical_fish":20},"minecraft:used":{"minecraft:stone_sword":18,"minecraft:stone_pickaxe":990,"minecraft:blue_bed":3,"minecraft:torch":47,"minecraft:dirt":8,"minecraft:crafting_table":4,"minecraft:apple":1,"realisticforging:big_stone":1,"quark:spruce_chest":3,"minecraft:lantern":1,"minecraft:bread":6,"minecraft:gravel":6,"minecraft:stone_axe":61,"quark:dark_oak_chest":2,"minecraft:cobblestone":133,"minecraft:andesite":22,"tombstone:gift":1}},"DataVersion":3465}