{"stats":{"minecraft:picked_up":{"minecraft:dark_oak_sapling":7,"minecraft:stick":4,"minecraft:crafting_table":2,"minecraft:andesite":22,"minecraft:torch":1,"minecraft:red_mushroom":3,"minecraft:gravel":11,"minecraft:flint":2,"minecraft:dark_oak_log":49,"skilltree:gem":4,"minecraft:dirt":6,"minecraft:apple":1,"minecraft:stone_pickaxe":1,"minecraft:granite":21,"minecraft:coal":37,"minecraft:cobblestone":337},"minecraft:broken":{"minecraft:stone_pickaxe":3},"minecraft:dropped":{"minecraft:dark_oak_sapling":7,"minecraft:stone_pickaxe":2,"minecraft:red_mushroom":3,"minecraft:flint":2},"minecraft:mined":{"minecraft:dark_oak_log":3,"minecraft:andesite":21,"treechop:chopped_log":2,"minecraft:crafting_table":2,"minecraft:granite":21,"minecraft:grass_block":1,"minecraft:coal_ore":37,"minecraft:gravel":14,"minecraft:dirt":6,"minecraft:cobblestone":2,"minecraft:stone":344,"minecraft:wall_torch":1},"minecraft:custom":{"minecraft:time_since_rest":10428,"minecraft:interact_with_furnace":2,"minecraft:sprint_one_cm":20739,"minecraft:damage_taken":400,"minecraft:walk_one_cm":108209,"minecraft:drop":6,"minecraft:damage_dealt":24,"minecraft:fly_one_cm":13542,"minecraft:interact_with_crafting_table":7,"minecraft:swim_one_cm":29406,"minecraft:open_barrel":8,"minecraft:crouch_one_cm":36092,"minecraft:play_time":25083,"minecraft:deaths":1,"minecraft:sneak_time":5853,"minecraft:walk_under_water_one_cm":16750,"minecraft:jump":210,"minecraft:time_since_death":12486,"minecraft:walk_on_water_one_cm":3652,"minecraft:climb_one_cm":968,"minecraft:total_world_time":25083,"minecraft:fall_one_cm":1874},"minecraft:crafted":{"minecraft:crafting_table":1,"minecraft:stick":24,"minecraft:stone_pickaxe":6,"minecraft:stone_sword":1,"minecraft:dark_oak_planks":16,"minecraft:stone_axe":1},"minecraft:used":{"minecraft:stone_sword":2,"minecraft:stone_pickaxe":444,"minecraft:gravel":6,"minecraft:stone_axe":31,"minecraft:torch":1,"minecraft:cobblestone":23,"minecraft:crafting_table":2,"minecraft:andesite":22,"tombstone:gift":1}},"DataVersion":3465}