{"stats":{"minecraft:crafted":{"minecraft:birch_planks":16,"minecraft:stick":4,"minecraft:stone_pickaxe":1,"minecraft:wooden_pickaxe":1},"minecraft:used":{"minecraft:dirt":1,"minecraft:stone_pickaxe":88,"minecraft:wooden_pickaxe":48},"minecraft:dropped":{"minecraft:cobblestone":3},"minecraft:killed_by":{"minecraft:skeleton":1},"minecraft:mined":{"minecraft:grass_block":3,"minecraft:coal_ore":36,"minecraft:dirt":11,"minecraft:birch_log":3,"minecraft:copper_ore":10,"minecraft:stone":73,"realisticforging:big_stone":2},"minecraft:custom":{"minecraft:time_since_rest":1,"minecraft:deaths":1,"minecraft:crouch_one_cm":1574,"minecraft:play_time":10876,"minecraft:sprint_one_cm":23431,"minecraft:damage_taken":340,"minecraft:walk_one_cm":16816,"minecraft:sneak_time":1728,"minecraft:walk_under_water_one_cm":11840,"minecraft:mob_kills":1,"minecraft:drop":3,"minecraft:jump":128,"minecraft:damage_dealt":14,"minecraft:time_since_death":410,"minecraft:walk_on_water_one_cm":4490,"minecraft:total_world_time":10876,"minecraft:fall_one_cm":2276,"minecraft:swim_one_cm":30575,"minecraft:interact_with_crafting_table":2,"minecraft:fly_one_cm":18185},"minecraft:picked_up":{"minecraft:birch_log":4,"realisticforging:big_stone":2,"realisticforging:copperore":24,"skilltree:gem":6,"minecraft:coal":36,"minecraft:dirt":14,"minecraft:cobblestone":71}},"DataVersion":3465}