{"stats":{"minecraft:picked_up":{"minecraft:crafting_table":2,"minecraft:clay_ball":20,"minecraft:andesite":22,"ecologics:seashell":1,"minecraft:red_mushroom":3,"occultism:raw_silver":3,"minecraft:potion":1,"minecraft:flint":2,"skilltree:gem":23,"minecraft:blue_bed":3,"minecraft:dirt":8,"minecraft:lantern":4,"minecraft:apple":1,"minecraft:wheat_seeds":1,"minecraft:stone_pickaxe":1,"scalinghealth:power_crystal_shard":5,"minecraft:dark_oak_sapling":7,"minecraft:stick":4,"minecraft:pumpkin":2,"minecraft:sweet_berries":9,"minecraft:torch":1,"minecraft:gravel":11,"minecraft:spruce_sapling":1,"minecraft:spruce_log":9,"minecraft:dark_oak_log":49,"minecraft:tropical_fish":13,"minecraft:hay_block":20,"minecraft:granite":21,"realisticforging:raw_iron_ore":39,"minecraft:bone_meal":1,"scalinghealth:cursed_heart":1,"minecraft:glow_berries":1,"realisticforging:big_stone":1,"minecraft:coal":119,"minecraft:cobblestone":688},"minecraft:broken":{"minecraft:stone_pickaxe":6},"minecraft:dropped":{"minecraft:dark_oak_sapling":7,"minecraft:lantern":3,"minecraft:red_mushroom":3,"minecraft:flint":2,"tombstone:grave_key":1,"realisticforging:cleanedironore":39,"minecraft:stone_pickaxe":2},"minecraft:mined":{"minecraft:dark_oak_log":3,"minecraft:clay":5,"minecraft:crafting_table":2,"minecraft:granite":21,"minecraft:grass_block":1,"minecraft:decorated_pot":1,"minecraft:cobblestone":3,"realisticforging:big_stone":1,"minecraft:blue_bed":3,"minecraft:wall_torch":1,"minecraft:hay_block":20,"ecologics:seashell":1,"minecraft:iron_ore":16,"minecraft:sweet_berry_bush":1,"minecraft:andesite":21,"minecraft:pumpkin":2,"treechop:chopped_log":3,"minecraft:grass":1,"minecraft:coal_ore":119,"minecraft:gravel":14,"minecraft:dirt":8,"occultism:silver_ore":3,"minecraft:stone":697,"minecraft:fern":1},"minecraft:custom":{"minecraft:interact_with_furnace":4,"minecraft:mob_kills":10,"minecraft:interact_with_crafting_table":16,"minecraft:open_barrel":8,"minecraft:time_since_death":4318,"minecraft:climb_one_cm":8590,"minecraft:time_since_rest":2961,"minecraft:sprint_one_cm":208483,"minecraft:damage_taken":1574,"minecraft:walk_one_cm":439172,"minecraft:drop":9,"minecraft:damage_dealt":407,"minecraft:swim_one_cm":29406,"minecraft:talked_to_villager":3,"minecraft:fly_one_cm":167402,"minecraft:open_chest":16,"minecraft:crouch_one_cm":74611,"minecraft:play_time":73083,"minecraft:deaths":7,"minecraft:sneak_time":11641,"minecraft:walk_under_water_one_cm":20243,"minecraft:jump":833,"minecraft:walk_on_water_one_cm":13292,"minecraft:total_world_time":73083,"minecraft:fall_one_cm":12413},"minecraft:crafted":{"minecraft:crafting_table":3,"minecraft:spruce_planks":36,"minecraft:stone_axe":1,"minecraft:bread":12,"quark:dark_oak_chest":2,"minecraft:stick":48,"minecraft:stone_pickaxe":11,"minecraft:stone_sword":1,"minecraft:dark_oak_planks":196,"minecraft:torch":44,"minecraft:wheat":36},"minecraft:killed_by":{"minecraft:skeleton":1},"minecraft:killed":{"minecraft:tropical_fish":20},"minecraft:used":{"minecraft:stone_sword":17,"minecraft:stone_pickaxe":906,"minecraft:blue_bed":1,"minecraft:torch":44,"minecraft:dirt":8,"minecraft:crafting_table":4,"minecraft:apple":1,"minecraft:lantern":1,"minecraft:bread":3,"minecraft:gravel":6,"minecraft:stone_axe":61,"quark:dark_oak_chest":2,"minecraft:cobblestone":132,"minecraft:andesite":22,"tombstone:gift":1}},"DataVersion":3465}