{"stats":{"minecraft:picked_up":{"minecraft:dark_oak_sapling":7,"minecraft:stick":4,"minecraft:crafting_table":1,"minecraft:torch":1,"minecraft:red_mushroom":3,"minecraft:gravel":11,"minecraft:flint":2,"minecraft:dark_oak_log":49,"skilltree:gem":4,"minecraft:dirt":5,"minecraft:apple":1,"minecraft:granite":19,"minecraft:coal":37,"minecraft:cobblestone":288},"minecraft:broken":{"minecraft:stone_pickaxe":2},"minecraft:mined":{"minecraft:dark_oak_log":3,"treechop:chopped_log":2,"minecraft:crafting_table":1,"minecraft:granite":19,"minecraft:coal_ore":37,"minecraft:gravel":14,"minecraft:dirt":5,"minecraft:cobblestone":2,"minecraft:stone":295},"minecraft:custom":{"minecraft:time_since_rest":1,"minecraft:interact_with_furnace":2,"minecraft:sprint_one_cm":6691,"minecraft:damage_taken":340,"minecraft:walk_one_cm":37238,"minecraft:fly_one_cm":3427,"minecraft:interact_with_crafting_table":5,"minecraft:swim_one_cm":20463,"minecraft:crouch_one_cm":24112,"minecraft:play_time":13083,"minecraft:deaths":1,"minecraft:sneak_time":4302,"minecraft:walk_under_water_one_cm":12715,"minecraft:jump":46,"minecraft:time_since_death":486,"minecraft:walk_on_water_one_cm":321,"minecraft:total_world_time":13083,"minecraft:fall_one_cm":538},"minecraft:crafted":{"minecraft:crafting_table":1,"minecraft:stick":24,"minecraft:stone_pickaxe":4,"minecraft:dark_oak_planks":16,"minecraft:stone_axe":1},"minecraft:used":{"minecraft:stone_pickaxe":372,"minecraft:gravel":6,"minecraft:stone_axe":30,"minecraft:crafting_table":1}},"DataVersion":3465}