{"stats":{"minecraft:picked_up":{"minecraft:dark_oak_sapling":7,"minecraft:stick":4,"minecraft:crafting_table":2,"minecraft:clay_ball":20,"minecraft:andesite":22,"minecraft:torch":1,"minecraft:red_mushroom":3,"occultism:raw_silver":3,"minecraft:gravel":11,"minecraft:potion":1,"minecraft:flint":2,"minecraft:spruce_sapling":1,"minecraft:spruce_log":9,"minecraft:dark_oak_log":49,"skilltree:gem":23,"minecraft:dirt":6,"minecraft:apple":1,"realisticforging:raw_iron_ore":39,"minecraft:stone_pickaxe":1,"minecraft:granite":21,"minecraft:glow_berries":1,"minecraft:coal":119,"minecraft:cobblestone":687},"minecraft:broken":{"minecraft:stone_pickaxe":6},"minecraft:dropped":{"minecraft:dark_oak_sapling":7,"minecraft:stone_pickaxe":2,"minecraft:red_mushroom":3,"minecraft:flint":2},"minecraft:mined":{"minecraft:iron_ore":16,"minecraft:dark_oak_log":3,"minecraft:andesite":21,"minecraft:clay":5,"treechop:chopped_log":3,"minecraft:crafting_table":2,"minecraft:granite":21,"minecraft:grass_block":1,"minecraft:coal_ore":119,"minecraft:gravel":14,"minecraft:dirt":6,"minecraft:cobblestone":2,"occultism:silver_ore":3,"minecraft:stone":697,"minecraft:wall_torch":1},"minecraft:custom":{"minecraft:time_since_rest":17587,"minecraft:interact_with_furnace":2,"minecraft:sprint_one_cm":80097,"minecraft:damage_taken":550,"minecraft:walk_one_cm":244232,"minecraft:drop":6,"minecraft:damage_dealt":87,"minecraft:fly_one_cm":56337,"minecraft:interact_with_crafting_table":12,"minecraft:swim_one_cm":29406,"minecraft:open_chest":6,"minecraft:open_barrel":8,"minecraft:crouch_one_cm":70797,"minecraft:play_time":49083,"minecraft:deaths":3,"minecraft:sneak_time":10906,"minecraft:walk_under_water_one_cm":16750,"minecraft:jump":493,"minecraft:time_since_death":18701,"minecraft:walk_on_water_one_cm":4147,"minecraft:climb_one_cm":968,"minecraft:total_world_time":49083,"minecraft:fall_one_cm":5100},"minecraft:crafted":{"quark:dark_oak_chest":2,"minecraft:crafting_table":3,"minecraft:spruce_planks":36,"minecraft:stick":48,"minecraft:stone_pickaxe":10,"minecraft:stone_sword":1,"minecraft:torch":44,"minecraft:dark_oak_planks":196,"minecraft:stone_axe":1},"minecraft:used":{"minecraft:apple":1,"minecraft:stone_sword":4,"minecraft:stone_pickaxe":903,"minecraft:gravel":6,"minecraft:stone_axe":39,"minecraft:torch":42,"minecraft:dirt":6,"quark:dark_oak_chest":2,"minecraft:cobblestone":97,"minecraft:crafting_table":4,"minecraft:andesite":22,"tombstone:gift":1}},"DataVersion":3465}