{"stats":{"minecraft:crafted":{"minecraft:wooden_sword":1,"minecraft:crafting_table":1,"minecraft:spruce_planks":40,"minecraft:stick":12,"minecraft:wooden_pickaxe":1,"minecraft:stone_pickaxe":1,"minecraft:stone_sword":1,"minecraft:furnace":1,"minecraft:torch":12,"minecraft:stone_axe":1},"minecraft:picked_up":{"minecraft:stick":2,"minecraft:crafting_table":1,"minecraft:spruce_sapling":9,"minecraft:spruce_log":29,"skilltree:gem":2,"scalinghealth:heart_crystal":1,"minecraft:string":3,"minecraft:spider_eye":2,"minecraft:dirt":1,"minecraft:coal":6,"minecraft:white_wool":2,"minecraft:cobblestone":22},"minecraft:mined":{"treechop:chopped_log":6,"minecraft:crafting_table":1,"minecraft:grass_block":1,"minecraft:coal_ore":6,"minecraft:stone":24},"minecraft:custom":{"minecraft:time_since_rest":571,"minecraft:sprint_one_cm":11311,"minecraft:damage_taken":180,"minecraft:walk_one_cm":24494,"minecraft:mob_kills":3,"minecraft:damage_dealt":507,"minecraft:interact_with_crafting_table":6,"minecraft:fly_one_cm":4535,"minecraft:crouch_one_cm":835,"minecraft:play_time":7423,"minecraft:deaths":1,"minecraft:sneak_time":201,"minecraft:jump":52,"minecraft:leave_game":1,"minecraft:time_since_death":895,"minecraft:total_world_time":7423,"minecraft:fall_one_cm":269},"minecraft:killed":{"creeperoverhaul:snowy_creeper":2,"minecraft:spider":4},"minecraft:used":{"minecraft:stone_sword":9,"minecraft:stone_pickaxe":11,"minecraft:wooden_pickaxe":19,"minecraft:torch":7,"minecraft:stone_axe":29,"minecraft:crafting_table":1}},"DataVersion":3465}