{"stats":{"minecraft:killed":{"minecraft:spider":8,"minecraft:skeleton":10,"minecraft:zombie":12,"minecraft:drowned":2,"minecraft:cow":6},"minecraft:picked_up":{"minecraft:birch_log":11,"occultism:datura_seeds":2,"minecraft:crafting_table":1,"minecraft:azure_bluet":3,"minecraft:feather":2,"minecraft:leather":4,"minecraft:potato":1,"minecraft:oak_log":52,"minecraft:chainmail_chestplate":1,"minecraft:cornflower":3,"minecraft:dirt":4,"minecraft:string":9,"naturalist:bass":14,"graveyard:small_white_urn":1,"minecraft:bone":3,"minecraft:apple":3,"minecraft:orange_tulip":2,"minecraft:wheat_seeds":3,"minecraft:beef":9,"minecraft:poppy":2,"minecraft:birch_sapling":4,"minecraft:furnace":1,"minecraft:stick":14,"minecraft:copper_ingot":1,"minecraft:sand":3,"tombstone:grave_dust":5,"mmorpg:weapon/staff/wood":2,"minecraft:spider_eye":1,"minecraft:arrow":3,"minecraft:rotten_flesh":4,"minecraft:chainmail_leggings":2,"tombstone:essence_of_undeath":1,"werewolves:cracked_bone":1,"tombstone:magic_scroll":1,"minecraft:oak_sapling":36,"minecraft:coal":21,"minecraft:cobblestone":53},"minecraft:crafted":{"minecraft:glass_bottle":3,"realisticforging:smithing_wood_hammer":1,"minecraft:oak_planks":44,"minecraft:crafting_table":5,"minecraft:wooden_pickaxe":1,"minecraft:furnace":1,"minecraft:stone_axe":1,"minecraft:air":0,"minecraft:glass":3,"ageofweapons:hammer":1,"minecraft:stick":16,"minecraft:stone_pickaxe":1,"minecraft:wooden_axe":1,"minecraft:stone_sword":2,"minecraft:chainmail_leggings":1},"minecraft:used":{"minecraft:stone_sword":50,"graveyard:small_white_urn":1,"minecraft:glass_bottle":3,"minecraft:stone_pickaxe":39,"minecraft:oak_planks":2,"minecraft:wooden_pickaxe":20,"minecraft:rotten_flesh":4,"minecraft:crafting_table":6,"minecraft:oak_log":1,"minecraft:wooden_axe":23,"minecraft:apple":3,"minecraft:stone_axe":39,"minecraft:cobblestone":19,"minecraft:potion":2,"minecraft:furnace":1,"minecraft:oak_sapling":7,"tombstone:gift":2},"minecraft:broken":{"minecraft:chainmail_chestplate":1},"minecraft:killed_by":{"minecraft:spider":1},"minecraft:custom":{"minecraft:blood":0,"minecraft:interact_with_furnace":3,"minecraft:mob_kills":19,"minecraft:dexterity":0,"minecraft:intelligence":0,"minecraft:move_speed":0,"minecraft:interact_with_crafting_table":10,"minecraft:leave_game":3,"minecraft:time_since_death":11377,"minecraft:levels_gained":3,"minecraft:mana":70,"minecraft:time_since_rest":9555,"minecraft:magic_shield":0,"minecraft:sprint_one_cm":73327,"minecraft:damage_taken":1162,"minecraft:walk_one_cm":122875,"minecraft:drop":12,"minecraft:damage_dealt":2723,"minecraft:health":89,"minecraft:swim_one_cm":14078,"minecraft:fly_one_cm":49406,"minecraft:crouch_one_cm":3294,"minecraft:play_time":29992,"tombstone:undead_killed":12,"minecraft:deaths":1,"minecraft:sneak_time":1466,"minecraft:walk_under_water_one_cm":12029,"minecraft:jump":381,"minecraft:energy":70,"minecraft:walk_on_water_one_cm":8946,"minecraft:strength":0,"minecraft:total_world_time":29992,"minecraft:fall_one_cm":6755},"minecraft:mined":{"minecraft:crafting_table":1,"minecraft:grass_block":1,"minecraft:tall_grass":1,"graveyard:small_white_urn":1,"minecraft:furnace":1,"treechop:chopped_log":10,"minecraft:grass":15,"minecraft:oak_log":1,"minecraft:coal_ore":11,"minecraft:sand":3,"minecraft:dirt":3,"minecraft:cobweb":2,"minecraft:stone":47,"minecraft:oak_leaves":2},"minecraft:dropped":{"minecraft:birch_sapling":4,"minecraft:feather":2,"minecraft:poppy":2,"ageofweapons:hammer":1,"naturalist:bass":14,"werewolves:cracked_bone":1,"minecraft:wooden_axe":1,"minecraft:potion":1,"minecraft:spider_eye":1,"minecraft:wooden_pickaxe":1,"realisticforging:smithing_wood_hammer":1}},"DataVersion":3465}