{"stats":{"minecraft:custom":{"minecraft:jump":30,"minecraft:intelligence":0,"minecraft:time_since_rest":1829,"minecraft:energy":50,"minecraft:blood":0,"minecraft:magic_shield":0,"minecraft:crouch_one_cm":1101,"minecraft:sprint_one_cm":12044,"minecraft:health":70,"minecraft:play_time":1829,"minecraft:move_speed":0,"minecraft:time_since_death":1829,"minecraft:walk_one_cm":2836,"minecraft:strength":0,"minecraft:sneak_time":284,"minecraft:total_world_time":1829,"minecraft:fall_one_cm":854,"minecraft:fly_one_cm":9130,"minecraft:mana":50,"minecraft:dexterity":0}},"DataVersion":3465}