{"stats":{"minecraft:crafted":{"realisticforging:smithing_wood_hammer":1,"minecraft:oak_planks":36,"minecraft:crafting_table":3,"ageofweapons:hammer":1,"minecraft:stick":16,"minecraft:wooden_pickaxe":1,"minecraft:stone_pickaxe":1,"minecraft:wooden_axe":1,"minecraft:stone_axe":1},"minecraft:picked_up":{"minecraft:crafting_table":1,"occultism:datura_seeds":2,"minecraft:stick":14,"minecraft:feather":2,"minecraft:azure_bluet":3,"minecraft:potato":1,"minecraft:oak_log":52,"minecraft:chainmail_chestplate":1,"minecraft:cornflower":3,"minecraft:string":1,"graveyard:small_white_urn":1,"minecraft:bone":1,"minecraft:arrow":1,"minecraft:rotten_flesh":3,"minecraft:apple":3,"minecraft:orange_tulip":2,"minecraft:wheat_seeds":3,"minecraft:chainmail_leggings":2,"tombstone:essence_of_undeath":1,"minecraft:poppy":2,"minecraft:oak_sapling":36,"minecraft:birch_sapling":4,"minecraft:coal":11,"minecraft:cobblestone":27,"minecraft:birch_log":11},"minecraft:custom":{"minecraft:time_since_rest":13829,"minecraft:blood":0,"minecraft:magic_shield":0,"minecraft:sprint_one_cm":50573,"minecraft:damage_taken":88,"minecraft:walk_one_cm":53157,"minecraft:mob_kills":7,"minecraft:drop":1,"minecraft:dexterity":0,"minecraft:intelligence":0,"minecraft:damage_dealt":1094,"minecraft:move_speed":0,"minecraft:health":80,"minecraft:interact_with_crafting_table":6,"minecraft:fly_one_cm":29331,"minecraft:crouch_one_cm":2083,"minecraft:play_time":13829,"tombstone:undead_killed":6,"minecraft:sneak_time":705,"minecraft:jump":158,"minecraft:energy":60,"minecraft:time_since_death":13829,"minecraft:strength":0,"minecraft:total_world_time":13829,"minecraft:levels_gained":2,"minecraft:fall_one_cm":3076,"minecraft:mana":60},"minecraft:used":{"minecraft:oak_log":1,"minecraft:wooden_axe":23,"graveyard:small_white_urn":1,"minecraft:apple":3,"minecraft:stone_pickaxe":18,"minecraft:wooden_pickaxe":20,"minecraft:rotten_flesh":1,"minecraft:stone_axe":39,"minecraft:crafting_table":4},"minecraft:killed":{"minecraft:skeleton":2,"minecraft:zombie":10,"minecraft:spider":2},"minecraft:mined":{"graveyard:small_white_urn":1,"treechop:chopped_log":10,"minecraft:crafting_table":1,"minecraft:grass":15,"minecraft:coal_ore":11,"minecraft:oak_log":1,"minecraft:tall_grass":1,"minecraft:stone":27,"minecraft:oak_leaves":1},"minecraft:dropped":{"realisticforging:smithing_wood_hammer":1}},"DataVersion":3465}