{"stats":{"minecraft:picked_up":{"biomesoplenty:redwood_log":2,"minecraft:fishing_rod":1,"minecraft:crafting_table":1,"minecraft:lead":2,"minecraft:potion":2,"minecraft:shield":1,"ecologics:coconut_boat":2,"scalinghealth:heart_crystal":2,"minecraft:string":2,"minecraft:iron_leggings":1,"minecraft:kelp":9,"mmorpg:gems/tourmaline/0":1,"biomesoplenty:redwood_wood":275,"minecraft:iron_sword":1,"ecologics:crab_claw":1,"minecraft:stick":31,"biomesoplenty:redwood_boat":3,"ecologics:coconut_slice":16,"minecraft:copper_ingot":1,"minecraft:torch":4,"ecologics:coconut_seedling":2,"minecraft:gravel":2,"mmorpg:stat_soul":1,"tombstone:grave_dust":1,"cataclysm:lionfish":2,"minecraft:rotten_flesh":9,"realisticforging:raw_iron_ore":2,"tombstone:essence_of_undeath":1,"biomesoplenty:redwood_sapling":46,"spelunkers_charm:rock":1,"minecraft:coal":13,"minecraft:cobblestone":213},"minecraft:used":{"minecraft:glass_bottle":8,"minecraft:stone_pickaxe":229,"minecraft:stone_shovel":7,"biomesoplenty:redwood_planks":1,"minecraft:iron_sword":154,"minecraft:torch":7,"scalinghealth:heart_crystal":2,"minecraft:crafting_table":2,"ecologics:crab_meat":1,"cataclysm:lionfish":1,"minecraft:wooden_axe":28,"biomesoplenty:redwood_boat":3,"minecraft:stone_axe":58,"ecologics:coconut_slice":10,"minecraft:cobblestone":122,"minecraft:potion":8,"ecologics:coconut_boat":2,"tombstone:gift":2},"minecraft:crafted":{"minecraft:stone_shovel":1,"minecraft:crafting_table":1,"biomesoplenty:redwood_planks":62,"minecraft:stone_axe":2,"biomesoplenty:redwood_boat":1,"minecraft:stick":44,"minecraft:stone_pickaxe":3,"minecraft:wooden_axe":1,"minecraft:torch":8,"ecologics:crab_meat":1},"minecraft:dropped":{"minecraft:enchanted_book":1,"biomesoplenty:redwood_sapling":46,"biomesoplenty:redwood_wood":61,"cataclysm:lionfish":1,"ecologics:coconut_slice":2,"minecraft:rotten_flesh":9,"minecraft:lead":1,"tombstone:essence_of_undeath":1,"minecraft:bow":1},"minecraft:custom":{"minecraft:blood":0,"minecraft:interact_with_furnace":3,"minecraft:mob_kills":24,"minecraft:intelligence":5,"minecraft:dexterity":7,"minecraft:move_speed":0,"minecraft:interact_with_crafting_table":9,"minecraft:open_barrel":13,"minecraft:damage_dealt_resisted":18,"minecraft:time_since_death":148,"minecraft:levels_gained":3,"minecraft:mana":120,"minecraft:time_since_rest":1,"minecraft:magic_shield":0,"minecraft:sprint_one_cm":77355,"minecraft:damage_taken":2054,"minecraft:walk_one_cm":101948,"minecraft:drop":10,"minecraft:damage_dealt":5267,"minecraft:health":163,"minecraft:swim_one_cm":101565,"minecraft:fly_one_cm":40482,"minecraft:crouch_one_cm":1302,"minecraft:deaths":1,"minecraft:play_time":65795,"tombstone:undead_killed":15,"minecraft:sneak_time":3035,"minecraft:walk_under_water_one_cm":56753,"minecraft:boat_one_cm":207591,"minecraft:jump":301,"minecraft:energy":140,"minecraft:walk_on_water_one_cm":89854,"minecraft:strength":14,"minecraft:total_world_time":65795,"minecraft:fall_one_cm":7791},"minecraft:broken":{"minecraft:stone_pickaxe":1,"minecraft:iron_helmet":1,"minecraft:iron_leggings":1},"minecraft:mined":{"minecraft:kelp_plant":2,"minecraft:crafting_table":1,"minecraft:torch":1,"minecraft:cobblestone":6,"minecraft:kelp":1,"minecraft:wall_torch":1,"minecraft:seagrass":2,"minecraft:iron_ore":1,"treechop:chopped_log":3,"minecraft:coal_ore":13,"minecraft:gravel":2,"minecraft:stone":207,"spelunkers_charm:rock_pile_1":1,"biomesoplenty:redwood_wood":2},"minecraft:killed":{"minecraft:spider":2,"cataclysm:deepling_brute":2,"minecraft:zombie":4,"cataclysm:deepling":4,"ecologics:coconut_crab":4,"minecraft:drowned":26,"cataclysm:lionfish":2,"naturalist:sparrow":4}},"DataVersion":3465}