{"stats":{"minecraft:picked_up":{"biomesoplenty:redwood_log":4,"minecraft:fishing_rod":1,"minecraft:crafting_table":1,"minecraft:lead":3,"ecologics:seashell":4,"minecraft:potion":2,"minecraft:shield":2,"ecologics:coconut_boat":3,"scalinghealth:heart_crystal":2,"minecraft:string":4,"minecraft:iron_leggings":1,"minecraft:kelp":14,"mmorpg:gems/tourmaline/0":1,"minecraft:stone_pickaxe":2,"minecraft:glass_bottle":1,"biomesoplenty:redwood_wood":296,"minecraft:iron_sword":2,"ecologics:crab_claw":3,"minecraft:furnace":1,"minecraft:stick":31,"biomesoplenty:redwood_boat":4,"ecologics:coconut_slice":22,"minecraft:copper_ingot":3,"minecraft:torch":4,"ecologics:coconut_seedling":2,"minecraft:gravel":2,"mmorpg:stat_soul":1,"tombstone:grave_dust":1,"minecraft:stone_shovel":1,"cataclysm:lionfish":3,"minecraft:rotten_flesh":39,"minecraft:stone_axe":2,"ecologics:coconut_log":2,"minecraft:crossbow":1,"realisticforging:raw_iron_ore":4,"tombstone:essence_of_undeath":1,"biomesoplenty:redwood_sapling":48,"spelunkers_charm:rock":1,"minecraft:cod":1,"minecraft:coal":13,"minecraft:cobblestone":213,"minecraft:wooden_axe":1},"minecraft:used":{"minecraft:bundle":1,"minecraft:dried_kelp":36,"minecraft:glass_bottle":12,"minecraft:stone_pickaxe":230,"minecraft:stone_shovel":7,"biomesoplenty:redwood_planks":1,"minecraft:shield":1,"minecraft:iron_sword":241,"minecraft:torch":7,"scalinghealth:heart_crystal":2,"minecraft:crafting_table":2,"ecologics:crab_meat":2,"cataclysm:lionfish":1,"minecraft:wooden_axe":28,"biomesoplenty:redwood_boat":6,"minecraft:stone_axe":83,"ecologics:coconut_slice":10,"minecraft:cobblestone":122,"minecraft:potion":11,"minecraft:cooked_cod":1,"minecraft:furnace":1,"ecologics:coconut_boat":4,"tombstone:gift":3},"minecraft:crafted":{"minecraft:cooked_cod":1,"minecraft:smooth_stone":8,"minecraft:stone_shovel":1,"minecraft:crafting_table":1,"ecologics:coconut_planks":8,"biomesoplenty:redwood_planks":94,"minecraft:dried_kelp":2,"minecraft:stone_axe":2,"minecraft:air":0,"biomesoplenty:redwood_boat":3,"minecraft:stick":44,"minecraft:stone_pickaxe":3,"minecraft:wooden_axe":1,"minecraft:torch":8,"ecologics:coconut_boat":1,"ecologics:crab_meat":2},"minecraft:dropped":{"minecraft:enchanted_book":1,"minecraft:furnace":1,"biomesoplenty:redwood_sapling":46,"minecraft:glass_bottle":1,"biomesoplenty:redwood_wood":61,"cataclysm:lionfish":1,"ecologics:coconut_slice":2,"minecraft:rotten_flesh":34,"minecraft:lead":1,"realisticforging:cleanedironore":2,"tombstone:essence_of_undeath":1,"minecraft:bow":1,"ecologics:seashell":2},"minecraft:custom":{"minecraft:blood":0,"minecraft:interact_with_furnace":22,"minecraft:mob_kills":36,"minecraft:intelligence":5,"minecraft:dexterity":7,"minecraft:move_speed":0,"minecraft:interact_with_crafting_table":12,"minecraft:open_barrel":29,"minecraft:damage_dealt_resisted":18,"minecraft:time_since_death":21051,"minecraft:levels_gained":5,"minecraft:mana":140,"minecraft:time_since_rest":20805,"minecraft:magic_shield":0,"minecraft:sprint_one_cm":107431,"minecraft:damage_taken":4974,"minecraft:walk_one_cm":216615,"minecraft:damage_blocked_by_shield":144,"minecraft:drop":18,"minecraft:damage_dealt":8113,"minecraft:health":237,"minecraft:swim_one_cm":147674,"minecraft:fly_one_cm":58966,"minecraft:crouch_one_cm":3508,"minecraft:deaths":3,"minecraft:play_time":113795,"tombstone:undead_killed":18,"minecraft:sneak_time":4180,"minecraft:walk_under_water_one_cm":138496,"minecraft:boat_one_cm":306450,"minecraft:jump":1534,"minecraft:energy":160,"minecraft:walk_on_water_one_cm":129359,"minecraft:strength":16,"minecraft:total_world_time":113795,"minecraft:fall_one_cm":11244},"minecraft:broken":{"minecraft:stone_pickaxe":1,"minecraft:iron_helmet":1,"minecraft:iron_leggings":1},"minecraft:mined":{"minecraft:kelp_plant":4,"minecraft:crafting_table":1,"minecraft:torch":1,"minecraft:cobblestone":6,"ecologics:coconut_log":2,"minecraft:kelp":1,"minecraft:wall_torch":1,"minecraft:seagrass":2,"ecologics:seashell":2,"minecraft:iron_ore":1,"treechop:chopped_log":4,"minecraft:coal_ore":13,"minecraft:gravel":2,"minecraft:stone":207,"spelunkers_charm:rock_pile_1":1,"biomesoplenty:redwood_wood":3},"minecraft:killed":{"cataclysm:deepling_angler":4,"minecraft:spider":2,"cataclysm:deepling_brute":2,"minecraft:zombie":4,"cataclysm:deepling":6,"ecologics:coconut_crab":10,"minecraft:drowned":32,"cataclysm:lionfish":6,"naturalist:sparrow":4}},"DataVersion":3465}