{"stats":{"minecraft:picked_up":{"minecraft:fishing_rod":1,"minecraft:crafting_table":1,"minecraft:potion":2,"ecologics:coconut_boat":2,"minecraft:iron_leggings":1,"minecraft:kelp":8,"biomesoplenty:redwood_wood":178,"minecraft:iron_sword":1,"minecraft:stick":5,"biomesoplenty:redwood_boat":2,"ecologics:coconut_slice":4,"minecraft:torch":4,"ecologics:coconut_seedling":2,"minecraft:gravel":2,"mmorpg:stat_soul":1,"tombstone:grave_dust":1,"cataclysm:lionfish":2,"minecraft:rotten_flesh":6,"realisticforging:raw_iron_ore":2,"tombstone:essence_of_undeath":1,"biomesoplenty:redwood_sapling":12,"spelunkers_charm:rock":1,"minecraft:coal":13,"minecraft:cobblestone":175},"minecraft:used":{"minecraft:glass_bottle":1,"minecraft:stone_pickaxe":191,"minecraft:stone_shovel":7,"biomesoplenty:redwood_planks":1,"minecraft:iron_sword":37,"minecraft:torch":3,"minecraft:crafting_table":2,"cataclysm:lionfish":1,"minecraft:wooden_axe":28,"biomesoplenty:redwood_boat":2,"minecraft:cobblestone":40,"minecraft:potion":1,"ecologics:coconut_boat":1},"minecraft:crafted":{"minecraft:stone_shovel":1,"minecraft:crafting_table":1,"biomesoplenty:redwood_planks":62,"biomesoplenty:redwood_boat":1,"minecraft:stick":44,"minecraft:stone_pickaxe":2,"minecraft:wooden_axe":1},"minecraft:dropped":{"biomesoplenty:redwood_wood":61,"cataclysm:lionfish":1,"ecologics:coconut_slice":2,"tombstone:essence_of_undeath":1},"minecraft:custom":{"minecraft:blood":0,"minecraft:interact_with_furnace":1,"minecraft:mob_kills":8,"minecraft:intelligence":5,"minecraft:dexterity":7,"minecraft:move_speed":0,"minecraft:interact_with_crafting_table":6,"minecraft:open_barrel":1,"minecraft:time_since_death":29795,"minecraft:levels_gained":2,"minecraft:mana":115,"minecraft:time_since_rest":29795,"minecraft:magic_shield":0,"minecraft:sprint_one_cm":21324,"minecraft:damage_taken":543,"minecraft:walk_one_cm":42159,"minecraft:drop":5,"minecraft:damage_dealt":1684,"minecraft:health":130,"minecraft:swim_one_cm":53572,"minecraft:fly_one_cm":10383,"minecraft:crouch_one_cm":209,"minecraft:play_time":29795,"tombstone:undead_killed":6,"minecraft:sneak_time":1345,"minecraft:walk_under_water_one_cm":15583,"minecraft:boat_one_cm":73064,"minecraft:jump":77,"minecraft:energy":130,"minecraft:walk_on_water_one_cm":29338,"minecraft:strength":10,"minecraft:total_world_time":29795,"minecraft:fall_one_cm":1418},"minecraft:broken":{"minecraft:stone_pickaxe":1},"minecraft:mined":{"minecraft:kelp_plant":2,"minecraft:crafting_table":1,"minecraft:torch":1,"minecraft:cobblestone":2,"minecraft:kelp":1,"minecraft:wall_torch":1,"minecraft:seagrass":2,"minecraft:iron_ore":1,"treechop:chopped_log":2,"minecraft:coal_ore":13,"minecraft:gravel":2,"minecraft:stone":173,"spelunkers_charm:rock_pile_1":1,"biomesoplenty:redwood_wood":2},"minecraft:killed":{"cataclysm:deepling":2,"minecraft:drowned":12,"cataclysm:lionfish":2}},"DataVersion":3465}