{"stats":{"minecraft:picked_up":{"minecraft:wooden_axe":1,"minecraft:fishing_rod":1,"biomesoplenty:redwood_log":4,"minecraft:crafting_table":1,"minecraft:lead":3,"ecologics:seashell":4,"minecraft:potion":2,"ecologics:coconut_boat":3,"minecraft:shield":3,"minecraft:string":5,"minecraft:iron_leggings":1,"mmorpg:gems/tourmaline/0":1,"biomesoplenty:redwood_wood":296,"mmorpg:offhand/tome/iron":1,"ecologics:crab_claw":3,"minecraft:furnace":1,"minecraft:stick":33,"biomesoplenty:redwood_boat":4,"ecologics:coconut_slice":22,"minecraft:copper_ingot":4,"minecraft:torch":9,"ecologics:coconut_seedling":2,"werewolves:raw_silver":14,"tombstone:grave_dust":1,"minecraft:diorite":1,"minecraft:arrow":1,"minecraft:rotten_flesh":46,"minecraft:stone_shovel":1,"ecologics:coconut_log":2,"realisticforging:raw_iron_ore":40,"tombstone:essence_of_undeath":1,"biomesoplenty:redwood_sapling":48,"minecraft:cod":1,"minecraft:cobblestone":451,"scalinghealth:heart_crystal":3,"quark:limestone":3,"minecraft:lapis_lazuli":14,"minecraft:kelp":40,"realisticforging:smithing_stone_hammer":1,"minecraft:stone_pickaxe":2,"minecraft:glass_bottle":1,"epicsamurai:aquamarine":6,"minecraft:iron_sword":2,"epicsamurai:raw_silver":8,"realisticforging:hotrawironore":1,"minecraft:gravel":3,"mmorpg:stat_soul":1,"minecraft:spider_eye":2,"cataclysm:lionfish":3,"minecraft:stone_axe":2,"minecraft:crossbow":1,"spelunkers_charm:rock":1,"minecraft:coal":13,"realisticforging:big_stone":1,"mmorpg:offhand/dodge/iron":1},"minecraft:used":{"minecraft:stone_shovel":7,"biomesoplenty:redwood_planks":1,"minecraft:dried_kelp":50,"minecraft:iron_sword":304,"minecraft:shield":1,"minecraft:torch":12,"scalinghealth:heart_crystal":2,"ecologics:crab_meat":2,"minecraft:wooden_axe":28,"quark:chute":1,"biomesoplenty:redwood_boat":6,"ecologics:coconut_boat":4,"minecraft:furnace":6,"minecraft:cooked_cod":1,"tombstone:gift":3,"minecraft:diorite":1,"minecraft:bundle":1,"minecraft:glass_bottle":13,"minecraft:stone_pickaxe":394,"minecraft:crafting_table":3,"cataclysm:lionfish":1,"realisticforging:big_stone":1,"minecraft:iron_pickaxe":250,"minecraft:stone_axe":83,"ecologics:coconut_slice":10,"minecraft:cobblestone":122,"minecraft:potion":12},"minecraft:crafted":{"minecraft:smooth_stone":8,"minecraft:stone_shovel":1,"ecologics:coconut_planks":8,"mmorpg:plate_set":3,"ad_astra:hammer":1,"minecraft:furnace":5,"realisticforging:smithing_hammer":2,"realisticforging:two_sticks":23,"minecraft:stone_pickaxe":3,"ecologics:coconut_boat":1,"quark:chute":1,"ecologics:crab_meat":2,"minecraft:cooked_cod":1,"minecraft:crafting_table":2,"biomesoplenty:redwood_planks":606,"minecraft:dried_kelp":16,"minecraft:stone_axe":2,"minecraft:air":0,"biomesoplenty:redwood_boat":3,"realisticforging:hotrawironore":21,"minecraft:charcoal":221,"minecraft:stick":300,"minecraft:iron_pickaxe":1,"minecraft:wooden_axe":1,"ageofweapons:iron_stick":2,"minecraft:torch":88},"minecraft:dropped":{"minecraft:enchanted_book":1,"minecraft:iron_ingot":3,"ageofweapons:iron_stick":2,"minecraft:glass_bottle":1,"biomesoplenty:redwood_wood":61,"cataclysm:lionfish":1,"ecologics:coconut_slice":2,"minecraft:lead":1,"scalinghealth:heart_crystal":1,"realisticforging:two_sticks":3,"realisticforging:smithing_hammer":1,"realisticforging:cleanedironore":2,"minecraft:string":3,"ad_astra:hammer":1,"minecraft:gravel":1,"minecraft:furnace":1,"realisticforging:hotrawironore":2,"biomesoplenty:redwood_sapling":46,"minecraft:rotten_flesh":34,"minecraft:shield":1,"minecraft:spider_eye":2,"tombstone:essence_of_undeath":1,"minecraft:bow":1,"ecologics:seashell":2},"minecraft:custom":{"minecraft:blood":0,"minecraft:mob_kills":42,"minecraft:dexterity":7,"minecraft:interact_with_crafting_table":35,"minecraft:open_barrel":48,"minecraft:damage_dealt_resisted":18,"minecraft:time_since_death":69051,"minecraft:mana":140,"minecraft:magic_shield":0,"minecraft:sprint_one_cm":119600,"minecraft:walk_one_cm":314401,"minecraft:damage_blocked_by_shield":144,"minecraft:drop":36,"minecraft:health":239,"minecraft:play_time":161795,"minecraft:sneak_time":4741,"minecraft:deaths":3,"minecraft:walk_under_water_one_cm":149211,"minecraft:boat_one_cm":366948,"minecraft:jump":1725,"minecraft:energy":160,"minecraft:walk_on_water_one_cm":148614,"minecraft:total_world_time":161795,"minecraft:interact_with_furnace":120,"minecraft:intelligence":5,"minecraft:move_speed":0,"minecraft:levels_gained":5,"minecraft:time_since_rest":68805,"minecraft:damage_taken":6297,"minecraft:damage_dealt":9894,"minecraft:swim_one_cm":163568,"minecraft:fly_one_cm":63444,"minecraft:crouch_one_cm":5772,"tombstone:undead_killed":22,"minecraft:strength":16,"minecraft:fall_one_cm":12097},"minecraft:broken":{"minecraft:iron_leggings":1,"minecraft:stone_pickaxe":3,"minecraft:iron_pickaxe":1,"minecraft:iron_helmet":1},"minecraft:mined":{"minecraft:granite":1,"epicsamurai:silver_ore":8,"ecologics:coconut_log":2,"realisticforging:big_stone":1,"minecraft:kelp":1,"minecraft:iron_ore":16,"treechop:chopped_log":4,"quark:limestone":18,"minecraft:stone":553,"spelunkers_charm:rock_pile_1":1,"minecraft:kelp_plant":4,"minecraft:crafting_table":1,"minecraft:torch":6,"minecraft:cobblestone":6,"minecraft:lapis_ore":2,"minecraft:diorite":1,"minecraft:wall_torch":2,"minecraft:seagrass":2,"ecologics:seashell":2,"epicsamurai:aquamarine_ore":6,"minecraft:coal_ore":13,"minecraft:gravel":2,"biomesoplenty:redwood_wood":3,"werewolves:silver_ore":14},"minecraft:killed":{"minecraft:spider":4,"ecologics:coconut_crab":10,"cataclysm:lionfish":6,"minecraft:drowned":40,"cataclysm:deepling_angler":4,"cataclysm:deepling_brute":2,"minecraft:zombie":4,"cataclysm:deepling":6,"naturalist:sparrow":4}},"DataVersion":3465}