{"stats":{"minecraft:picked_up":{"biomesoplenty:fir_log":3,"biomesoplenty:fir_sapling":2},"minecraft:mined":{"minecraft:grass":1,"minecraft:fern":2},"minecraft:custom":{"minecraft:time_since_rest":928,"minecraft:blood":0,"minecraft:magic_shield":0,"minecraft:crouch_one_cm":176,"minecraft:sprint_one_cm":504,"minecraft:play_time":2735,"minecraft:walk_one_cm":11667,"minecraft:damage_taken":259,"minecraft:deaths":1,"minecraft:sneak_time":23,"minecraft:dexterity":0,"minecraft:jump":11,"minecraft:intelligence":0,"minecraft:energy":50,"minecraft:health":69,"minecraft:time_since_death":1505,"minecraft:move_speed":0,"minecraft:strength":0,"minecraft:total_world_time":2735,"minecraft:mana":50,"minecraft:fly_one_cm":537}},"DataVersion":3465}