{"stats":{"minecraft:picked_up":{"minecraft:fishing_rod":1,"minecraft:crafting_table":1,"minecraft:potion":2,"minecraft:shield":1,"ecologics:coconut_boat":2,"minecraft:iron_leggings":1,"minecraft:kelp":8,"mmorpg:gems/tourmaline/0":1,"biomesoplenty:redwood_wood":178,"minecraft:iron_sword":1,"ecologics:crab_claw":1,"minecraft:stick":5,"biomesoplenty:redwood_boat":2,"ecologics:coconut_slice":12,"minecraft:torch":4,"ecologics:coconut_seedling":2,"minecraft:gravel":2,"mmorpg:stat_soul":1,"tombstone:grave_dust":1,"cataclysm:lionfish":2,"minecraft:rotten_flesh":6,"realisticforging:raw_iron_ore":2,"tombstone:essence_of_undeath":1,"biomesoplenty:redwood_sapling":12,"spelunkers_charm:rock":1,"minecraft:coal":13,"minecraft:cobblestone":189},"minecraft:used":{"minecraft:glass_bottle":6,"minecraft:stone_pickaxe":205,"minecraft:stone_shovel":7,"biomesoplenty:redwood_planks":1,"minecraft:iron_sword":76,"minecraft:torch":6,"minecraft:crafting_table":2,"cataclysm:lionfish":1,"minecraft:wooden_axe":28,"biomesoplenty:redwood_boat":2,"ecologics:coconut_slice":8,"minecraft:cobblestone":107,"minecraft:potion":6,"ecologics:coconut_boat":2},"minecraft:crafted":{"minecraft:stone_shovel":1,"minecraft:crafting_table":1,"biomesoplenty:redwood_planks":62,"biomesoplenty:redwood_boat":1,"minecraft:stick":44,"minecraft:stone_pickaxe":2,"minecraft:wooden_axe":1,"minecraft:torch":8},"minecraft:dropped":{"biomesoplenty:redwood_wood":61,"cataclysm:lionfish":1,"ecologics:coconut_slice":2,"tombstone:essence_of_undeath":1,"minecraft:bow":1},"minecraft:custom":{"minecraft:blood":0,"minecraft:interact_with_furnace":1,"minecraft:mob_kills":14,"minecraft:intelligence":5,"minecraft:dexterity":7,"minecraft:move_speed":0,"minecraft:interact_with_crafting_table":8,"minecraft:open_barrel":4,"minecraft:damage_dealt_resisted":18,"minecraft:time_since_death":41795,"minecraft:levels_gained":3,"minecraft:mana":125,"minecraft:time_since_rest":41795,"minecraft:magic_shield":0,"minecraft:sprint_one_cm":63482,"minecraft:damage_taken":748,"minecraft:walk_one_cm":87087,"minecraft:drop":6,"minecraft:damage_dealt":2724,"minecraft:health":140,"minecraft:swim_one_cm":53572,"minecraft:fly_one_cm":33407,"minecraft:crouch_one_cm":1203,"minecraft:play_time":41795,"tombstone:undead_killed":8,"minecraft:sneak_time":2589,"minecraft:walk_under_water_one_cm":18539,"minecraft:boat_one_cm":127564,"minecraft:jump":225,"minecraft:energy":140,"minecraft:walk_on_water_one_cm":35393,"minecraft:strength":10,"minecraft:total_world_time":41795,"minecraft:fall_one_cm":6180},"minecraft:broken":{"minecraft:stone_pickaxe":1},"minecraft:mined":{"minecraft:kelp_plant":2,"minecraft:crafting_table":1,"minecraft:torch":1,"minecraft:cobblestone":4,"minecraft:kelp":1,"minecraft:wall_torch":1,"minecraft:seagrass":2,"minecraft:iron_ore":1,"treechop:chopped_log":2,"minecraft:coal_ore":13,"minecraft:gravel":2,"minecraft:stone":185,"spelunkers_charm:rock_pile_1":1,"biomesoplenty:redwood_wood":2},"minecraft:killed":{"minecraft:zombie":4,"cataclysm:deepling":2,"ecologics:coconut_crab":4,"minecraft:drowned":12,"cataclysm:lionfish":2,"naturalist:sparrow":4}},"DataVersion":3465}