{"stats":{"minecraft:picked_up":{"minecraft:stick":5,"minecraft:crafting_table":1,"biomesoplenty:redwood_boat":1,"ecologics:coconut_slice":4,"minecraft:torch":2,"ecologics:coconut_seedling":2,"mmorpg:stat_soul":1,"tombstone:grave_dust":1,"ecologics:coconut_boat":2,"minecraft:iron_leggings":1,"minecraft:rotten_flesh":2,"minecraft:kelp":6,"realisticforging:raw_iron_ore":2,"biomesoplenty:redwood_sapling":12,"biomesoplenty:redwood_wood":117,"spelunkers_charm:rock":1,"minecraft:coal":13,"minecraft:cobblestone":174},"minecraft:crafted":{"biomesoplenty:redwood_boat":1,"minecraft:crafting_table":1,"minecraft:stick":4,"biomesoplenty:redwood_planks":24,"minecraft:stone_pickaxe":2,"minecraft:wooden_axe":1},"minecraft:used":{"minecraft:wooden_axe":28,"minecraft:stone_pickaxe":189,"minecraft:iron_sword":5,"biomesoplenty:redwood_boat":1,"minecraft:torch":1,"minecraft:crafting_table":1,"ecologics:coconut_boat":1},"minecraft:dropped":{"ecologics:coconut_slice":2},"minecraft:custom":{"minecraft:time_since_rest":17795,"minecraft:blood":0,"minecraft:magic_shield":0,"minecraft:interact_with_furnace":1,"minecraft:sprint_one_cm":15203,"minecraft:damage_taken":30,"minecraft:walk_one_cm":36321,"minecraft:mob_kills":2,"minecraft:drop":2,"minecraft:dexterity":7,"minecraft:intelligence":5,"minecraft:damage_dealt":457,"minecraft:health":120,"minecraft:move_speed":0,"minecraft:swim_one_cm":7134,"minecraft:interact_with_crafting_table":4,"minecraft:fly_one_cm":7035,"minecraft:crouch_one_cm":209,"minecraft:play_time":17795,"tombstone:undead_killed":2,"minecraft:sneak_time":297,"minecraft:walk_under_water_one_cm":2106,"minecraft:boat_one_cm":35054,"minecraft:jump":42,"minecraft:energy":120,"minecraft:walk_on_water_one_cm":4771,"minecraft:time_since_death":17795,"minecraft:strength":10,"minecraft:total_world_time":17795,"minecraft:fall_one_cm":1209,"minecraft:mana":100},"minecraft:broken":{"minecraft:stone_pickaxe":1},"minecraft:mined":{"minecraft:iron_ore":1,"treechop:chopped_log":2,"minecraft:crafting_table":1,"minecraft:coal_ore":13,"minecraft:stone":173,"spelunkers_charm:rock_pile_1":1,"biomesoplenty:redwood_wood":2,"minecraft:wall_torch":1},"minecraft:killed":{"minecraft:drowned":4}},"DataVersion":3465}