{"stats":{"minecraft:picked_up":{"minecraft:wooden_axe":1,"minecraft:fishing_rod":1,"biomesoplenty:redwood_log":4,"minecraft:crafting_table":1,"minecraft:lead":3,"ecologics:seashell":4,"minecraft:potion":2,"ecologics:coconut_boat":3,"minecraft:shield":4,"minecraft:string":5,"minecraft:iron_leggings":1,"mmorpg:gems/tourmaline/0":1,"minecraft:iron_nugget":3,"biomesoplenty:redwood_wood":296,"mmorpg:offhand/tome/iron":1,"ecologics:crab_claw":3,"minecraft:furnace":1,"minecraft:stick":33,"biomesoplenty:redwood_boat":4,"ecologics:coconut_slice":22,"minecraft:copper_ingot":6,"minecraft:torch":9,"ecologics:coconut_seedling":2,"werewolves:raw_silver":20,"tombstone:grave_dust":3,"minecraft:diorite":2,"realisticforging:smithing_anvil":2,"minecraft:arrow":1,"minecraft:rotten_flesh":49,"minecraft:stone_shovel":1,"ecologics:coconut_log":2,"realisticforging:raw_iron_ore":100,"tombstone:essence_of_undeath":1,"biomesoplenty:redwood_sapling":48,"ad_astra:hammer":1,"minecraft:cod":1,"minecraft:cobblestone":801,"minecraft:andesite":2,"realisticforging:pickedhotrawiron":1,"minecraft:oak_log":1,"scalinghealth:heart_crystal":3,"quark:limestone":5,"minecraft:lapis_lazuli":14,"minecraft:kelp":43,"minecraft:wheat_seeds":1,"realisticforging:smithing_stone_hammer":1,"minecraft:iron_ingot":10,"minecraft:stone_pickaxe":2,"minecraft:glass_bottle":1,"epicsamurai:aquamarine":6,"minecraft:iron_sword":2,"epicsamurai:raw_silver":16,"realisticforging:hotrawironore":3,"minecraft:gravel":3,"mmorpg:stat_soul":1,"quark:oak_chest":1,"minecraft:spider_eye":2,"cataclysm:lionfish":3,"mmorpg:plate_set":1,"minecraft:stone_axe":2,"realisticforging:blacksmithstongs":1,"minecraft:crossbow":1,"tombstone:magic_scroll":1,"spelunkers_charm:rock":1,"minecraft:coal":13,"realisticforging:big_stone":1,"mmorpg:offhand/dodge/iron":2,"minecraft:charcoal":22},"minecraft:used":{"minecraft:stone_shovel":7,"biomesoplenty:redwood_planks":29,"minecraft:dried_kelp":50,"minecraft:iron_sword":325,"minecraft:shield":1,"minecraft:torch":15,"scalinghealth:heart_crystal":2,"ecologics:crab_meat":2,"minecraft:wooden_axe":28,"quark:chute":1,"biomesoplenty:redwood_boat":6,"ecologics:coconut_boat":4,"minecraft:furnace":6,"minecraft:cooked_cod":1,"tombstone:gift":3,"minecraft:diorite":2,"minecraft:bundle":1,"minecraft:glass_bottle":15,"minecraft:stone_pickaxe":394,"realisticforging:smithing_anvil":2,"minecraft:crafting_table":3,"cataclysm:lionfish":1,"realisticforging:big_stone":1,"minecraft:iron_pickaxe":498,"minecraft:stone_axe":83,"ecologics:coconut_slice":10,"minecraft:cobblestone":236,"minecraft:potion":14,"quark:oak_chest":1},"minecraft:crafted":{"minecraft:smooth_stone":8,"minecraft:stone_shovel":1,"minecraft:iron_nugget":9,"ecologics:coconut_planks":8,"mmorpg:plate_set":3,"ad_astra:hammer":1,"minecraft:furnace":5,"realisticforging:smithing_hammer":3,"minecraft:iron_boots":1,"realisticforging:two_sticks":24,"minecraft:stone_pickaxe":3,"ecologics:coconut_boat":1,"quark:chute":1,"ecologics:crab_meat":2,"minecraft:cooked_cod":1,"minecraft:crafting_table":2,"biomesoplenty:redwood_planks":606,"minecraft:dried_kelp":16,"minecraft:iron_helmet":1,"minecraft:stone_axe":2,"minecraft:air":0,"biomesoplenty:redwood_boat":3,"realisticforging:hotrawironore":110,"minecraft:iron_chestplate":1,"minecraft:charcoal":221,"minecraft:stick":300,"realisticforging:blacksmithstongs":1,"minecraft:iron_ingot":1,"minecraft:iron_pickaxe":3,"minecraft:wooden_axe":1,"minecraft:iron_block":1,"ageofweapons:iron_stick":2,"minecraft:torch":88},"minecraft:dropped":{"minecraft:enchanted_book":1,"minecraft:iron_ingot":51,"minecraft:wheat_seeds":1,"ageofweapons:iron_stick":2,"minecraft:glass_bottle":1,"biomesoplenty:redwood_wood":61,"cataclysm:lionfish":1,"ecologics:coconut_slice":2,"minecraft:cobblestone":168,"minecraft:lead":1,"minecraft:copper_ingot":1,"quark:limestone":1,"minecraft:iron_block":1,"scalinghealth:heart_crystal":1,"realisticforging:two_sticks":3,"realisticforging:smithing_hammer":1,"realisticforging:cleanedironore":2,"minecraft:string":3,"realisticforging:pickedhotrawiron":1,"realisticforging:blacksmithstongs":1,"ad_astra:hammer":1,"minecraft:gravel":1,"minecraft:furnace":1,"realisticforging:hotrawironore":4,"biomesoplenty:redwood_sapling":46,"minecraft:rotten_flesh":34,"mmorpg:plate_set":1,"minecraft:shield":1,"minecraft:andesite":1,"minecraft:spider_eye":2,"tombstone:essence_of_undeath":1,"minecraft:bow":1,"ecologics:seashell":2},"minecraft:custom":{"minecraft:blood":0,"minecraft:mob_kills":45,"minecraft:dexterity":9,"minecraft:inspect_hopper":3,"minecraft:interact_with_crafting_table":51,"minecraft:open_barrel":85,"minecraft:damage_dealt_resisted":18,"minecraft:time_since_death":123051,"minecraft:mana":140,"minecraft:magic_shield":0,"minecraft:sprint_one_cm":123729,"minecraft:walk_one_cm":441730,"minecraft:damage_blocked_by_shield":144,"minecraft:drop":97,"minecraft:health":239,"minecraft:play_time":215795,"minecraft:sneak_time":5320,"minecraft:deaths":3,"minecraft:walk_under_water_one_cm":160025,"minecraft:boat_one_cm":366948,"minecraft:jump":2040,"minecraft:energy":180,"minecraft:interact_with_blast_furnace":2,"minecraft:walk_on_water_one_cm":187851,"minecraft:total_world_time":215795,"minecraft:interact_with_furnace":329,"minecraft:intelligence":5,"minecraft:move_speed":0,"minecraft:levels_gained":5,"minecraft:time_since_rest":122805,"minecraft:damage_taken":7407,"minecraft:damage_dealt":10574,"minecraft:swim_one_cm":173231,"minecraft:fly_one_cm":69107,"minecraft:open_chest":13,"minecraft:crouch_one_cm":7396,"tombstone:undead_killed":24,"minecraft:strength":16,"minecraft:fall_one_cm":13446},"minecraft:broken":{"minecraft:iron_leggings":1,"minecraft:stone_pickaxe":3,"minecraft:iron_pickaxe":2,"minecraft:iron_helmet":1},"minecraft:mined":{"minecraft:granite":1,"epicsamurai:silver_ore":16,"ecologics:coconut_log":2,"realisticforging:big_stone":1,"minecraft:kelp":1,"minecraft:iron_ore":40,"minecraft:fire":4,"treechop:chopped_log":4,"quark:limestone":19,"minecraft:stone":757,"spelunkers_charm:rock_pile_1":1,"minecraft:kelp_plant":4,"minecraft:crafting_table":1,"minecraft:torch":6,"minecraft:cobblestone":6,"minecraft:lapis_ore":2,"realisticforging:smithing_anvil":1,"minecraft:diorite":2,"minecraft:wall_torch":2,"minecraft:seagrass":2,"ecologics:seashell":2,"epicsamurai:aquamarine_ore":6,"minecraft:coal_ore":13,"minecraft:gravel":2,"biomesoplenty:redwood_wood":3,"werewolves:silver_ore":20},"minecraft:killed":{"minecraft:spider":4,"ecologics:coconut_crab":10,"cataclysm:lionfish":6,"minecraft:drowned":44,"cataclysm:deepling_angler":4,"cataclysm:deepling_brute":2,"minecraft:zombie":4,"cataclysm:deepling":8,"naturalist:sparrow":4}},"DataVersion":3465}