{"stats":{"minecraft:killed_by":{"minecraft:spider":1},"minecraft:used":{"minecraft:dirt":3,"minecraft:stone_pickaxe":52,"minecraft:wooden_pickaxe":10},"minecraft:custom":{"minecraft:time_since_rest":137,"minecraft:crouch_one_cm":652,"minecraft:play_time":10315,"minecraft:sprint_one_cm":16913,"minecraft:damage_taken":837,"minecraft:deaths":3,"minecraft:walk_one_cm":23236,"minecraft:sneak_time":485,"minecraft:jump":150,"minecraft:damage_dealt":49,"minecraft:leave_game":2,"minecraft:time_since_death":804,"minecraft:total_world_time":10315,"minecraft:interact_with_crafting_table":2,"minecraft:fall_one_cm":902,"minecraft:fly_one_cm":6887},"minecraft:mined":{"minecraft:coal_ore":10,"minecraft:grass_block":3,"minecraft:iron_ore":13,"minecraft:spruce_log":2,"minecraft:stone":38},"minecraft:picked_up":{"minecraft:stick":5,"realisticforging:raw_iron_ore":31,"minecraft:spruce_sapling":6,"minecraft:spruce_log":9,"minecraft:coal":10,"skilltree:gem":1,"minecraft:dirt":3,"minecraft:cobblestone":39},"minecraft:crafted":{"minecraft:spruce_planks":36,"minecraft:stone_pickaxe":1,"minecraft:wooden_pickaxe":1}},"DataVersion":3465}