{"stats":{"minecraft:picked_up":{"minecraft:rotten_flesh":2},"minecraft:custom":{"minecraft:jump":37,"minecraft:intelligence":0,"minecraft:time_since_rest":2745,"minecraft:energy":50,"minecraft:blood":0,"minecraft:magic_shield":0,"minecraft:sprint_one_cm":8908,"minecraft:health":70,"minecraft:play_time":2745,"minecraft:move_speed":0,"minecraft:time_since_death":2745,"minecraft:walk_one_cm":8752,"minecraft:strength":0,"minecraft:total_world_time":2745,"minecraft:fall_one_cm":836,"minecraft:fly_one_cm":7600,"minecraft:mana":50,"minecraft:dexterity":0}},"DataVersion":3465}