{"stats":{"minecraft:crafted":{"minecraft:oak_planks":48,"minecraft:crafting_table":1,"minecraft:stick":4,"minecraft:wooden_pickaxe":1,"minecraft:stone_pickaxe":1,"minecraft:wooden_axe":1},"minecraft:picked_up":{"occultism:datura_seeds":1,"mmorpg:material/mining/0":1,"minecraft:stick":5,"minecraft:crafting_table":2,"minecraft:potion":1,"quark:music_disc_rain":2,"minecraft:oak_log":12,"minecraft:shield":2,"scalinghealth:heart_crystal":3,"minecraft:string":3,"minecraft:mossy_cobblestone":1,"minecraft:bone":7,"minecraft:arrow":4,"mmorpg:rare_mats/mining/greater":1,"minecraft:rotten_flesh":11,"quark:music_disc_ocean":1,"minecraft:apple":1,"minecraft:beef":3,"minecraft:crossbow":1,"realisticforging:raw_iron_ore":20,"minecraft:oak_sapling":6,"quark:music_disc_chatter":1,"quark:music_disc_wind":2,"realisticforging:smithing_wood_hammer":1,"minecraft:coal":35,"minecraft:iron_boots":1,"minecraft:cobblestone":73},"minecraft:used":{"minecraft:wooden_axe":31,"minecraft:apple":1,"minecraft:stone_pickaxe":87,"minecraft:wooden_pickaxe":32,"minecraft:iron_boots":1,"minecraft:rotten_flesh":6,"minecraft:potion":1,"minecraft:crafting_table":2,"minecraft:oak_sapling":6,"tombstone:gift":1},"minecraft:custom":{"minecraft:time_since_rest":5317,"minecraft:blood":0,"minecraft:magic_shield":0,"minecraft:sprint_one_cm":105233,"minecraft:damage_taken":2339,"minecraft:walk_one_cm":94390,"minecraft:mob_kills":13,"minecraft:drop":2,"minecraft:dexterity":0,"minecraft:intelligence":0,"minecraft:damage_dealt":7741,"minecraft:health":85,"minecraft:move_speed":0,"minecraft:interact_with_crafting_table":2,"minecraft:fly_one_cm":127252,"minecraft:open_chest":2,"minecraft:deaths":5,"minecraft:crouch_one_cm":4439,"minecraft:play_time":30233,"tombstone:undead_killed":9,"minecraft:sneak_time":1796,"minecraft:damage_dealt_resisted":2,"minecraft:jump":543,"minecraft:energy":70,"minecraft:leave_game":1,"minecraft:time_since_death":5684,"minecraft:strength":0,"minecraft:total_world_time":30233,"minecraft:levels_gained":3,"minecraft:fall_one_cm":11578,"minecraft:mana":70},"minecraft:killed_by":{"hordes:zombie_player":1,"minecraft:spider":1,"minecraft:zombie":2},"minecraft:killed":{"minecraft:zombie":12,"hordes:zombie_player":6,"minecraft:spider":4,"minecraft:cow":2},"minecraft:broken":{"minecraft:wooden_axe":1},"minecraft:mined":{"minecraft:mossy_cobblestone":1,"minecraft:iron_ore":8,"treechop:chopped_log":2,"minecraft:crafting_table":2,"minecraft:grass":27,"biomesoplenty:clover":1,"minecraft:oak_log":1,"minecraft:coal_ore":35,"minecraft:tall_grass":8,"minecraft:cobblestone":20,"minecraft:stone":54},"minecraft:dropped":{"occultism:datura_seeds":1,"minecraft:beef":3}},"DataVersion":3465}