{"stats":{"minecraft:crafted":{"minecraft:oak_planks":48,"minecraft:crafting_table":1,"minecraft:stick":4,"minecraft:wooden_pickaxe":1,"minecraft:stone_pickaxe":1,"minecraft:wooden_axe":1},"minecraft:picked_up":{"mmorpg:material/mining/0":1,"minecraft:stick":5,"minecraft:crafting_table":2,"minecraft:oak_log":12,"minecraft:shield":2,"scalinghealth:heart_crystal":2,"minecraft:mossy_cobblestone":1,"mmorpg:rare_mats/mining/greater":1,"minecraft:rotten_flesh":7,"minecraft:apple":1,"realisticforging:raw_iron_ore":20,"minecraft:oak_sapling":6,"realisticforging:smithing_wood_hammer":1,"minecraft:coal":35,"minecraft:iron_boots":1,"minecraft:cobblestone":73},"minecraft:used":{"minecraft:wooden_axe":31,"minecraft:apple":1,"minecraft:stone_pickaxe":87,"minecraft:wooden_pickaxe":32,"minecraft:iron_boots":1,"minecraft:rotten_flesh":4,"minecraft:crafting_table":2,"minecraft:oak_sapling":6},"minecraft:custom":{"minecraft:time_since_rest":14745,"minecraft:blood":0,"minecraft:magic_shield":0,"minecraft:sprint_one_cm":29965,"minecraft:damage_taken":1031,"minecraft:walk_one_cm":47055,"minecraft:mob_kills":8,"minecraft:dexterity":0,"minecraft:intelligence":0,"minecraft:damage_dealt":6967,"minecraft:health":80,"minecraft:move_speed":0,"minecraft:interact_with_crafting_table":2,"minecraft:fly_one_cm":27483,"minecraft:open_chest":2,"minecraft:crouch_one_cm":4439,"minecraft:play_time":14745,"tombstone:undead_killed":6,"minecraft:sneak_time":1792,"minecraft:jump":174,"minecraft:energy":60,"minecraft:time_since_death":14745,"minecraft:strength":0,"minecraft:total_world_time":14745,"minecraft:levels_gained":2,"minecraft:fall_one_cm":3251,"minecraft:mana":60},"minecraft:killed":{"minecraft:zombie":12,"minecraft:spider":4},"minecraft:broken":{"minecraft:wooden_axe":1},"minecraft:mined":{"minecraft:mossy_cobblestone":1,"minecraft:iron_ore":8,"treechop:chopped_log":2,"minecraft:crafting_table":2,"minecraft:grass":1,"minecraft:oak_log":1,"minecraft:coal_ore":35,"minecraft:cobblestone":20,"minecraft:stone":54}},"DataVersion":3465}