{"stats":{"minecraft:custom":{"minecraft:jump":26,"minecraft:intelligence":0,"minecraft:time_since_rest":5707,"minecraft:energy":50,"minecraft:blood":0,"minecraft:magic_shield":0,"minecraft:crouch_one_cm":283,"minecraft:health":70,"minecraft:play_time":5707,"minecraft:move_speed":0,"minecraft:time_since_death":5707,"minecraft:walk_one_cm":16487,"minecraft:strength":0,"minecraft:sneak_time":74,"minecraft:total_world_time":5707,"minecraft:fall_one_cm":418,"minecraft:mana":50,"minecraft:dexterity":0},"minecraft:mined":{"treechop:chopped_log":1,"minecraft:fern":3,"minecraft:grass":1},"minecraft:picked_up":{"minecraft:stick":1,"biomesoplenty:mahogany_log":17,"minecraft:wheat_seeds":1}},"DataVersion":3465}