{"stats":{"minecraft:crafted":{"biomesoplenty:mahogany_planks":24},"minecraft:dropped":{"tombstone:grave_key":1},"minecraft:custom":{"minecraft:deaths":1,"minecraft:damage_taken":386,"minecraft:magic_shield":0,"minecraft:blood":0,"minecraft:sprint_one_cm":33408,"minecraft:walk_one_cm":47552,"minecraft:sneak_time":337,"minecraft:mob_kills":1,"minecraft:drop":1,"minecraft:dexterity":0,"minecraft:jump":120,"minecraft:intelligence":0,"minecraft:energy":50,"minecraft:damage_dealt":100,"minecraft:leave_game":1,"minecraft:health":69,"minecraft:time_since_death":8408,"minecraft:move_speed":0,"minecraft:strength":0,"minecraft:total_world_time":16712,"minecraft:play_time":16712,"minecraft:mana":50,"minecraft:fall_one_cm":627,"minecraft:fly_one_cm":9389,"minecraft:crouch_one_cm":1177,"minecraft:time_since_rest":6574},"minecraft:picked_up":{"occultism:datura_seeds":1,"minecraft:stick":1,"minecraft:arrow":2,"minecraft:feather":1,"biomesoplenty:mahogany_log":17,"minecraft:chicken":1,"minecraft:bone":2,"minecraft:wheat_seeds":2,"biomesoplenty:mahogany_planks":2,"minecraft:dirt":22},"minecraft:mined":{"minecraft:grass":14,"minecraft:grass_block":1,"minecraft:dirt":5,"treechop:chopped_log":1,"minecraft:fern":3},"minecraft:killed":{"minecraft:chicken":2},"minecraft:used":{"minecraft:dirt":6,"tombstone:gift":2,"biomesoplenty:mahogany_planks":15}},"DataVersion":3465}