{"stats":{"minecraft:crafted":{"mmorpg:weapon/staff/wood":1,"minecraft:stick":24,"minecraft:wooden_axe":1,"minecraft:birch_planks":28},"minecraft:dropped":{"minecraft:iron_sword":1,"minecraft:dirt":14,"minecraft:birch_sapling":7,"minecraft:chicken":1,"minecraft:feather":1,"minecraft:cobblestone":3,"minecraft:bow":1,"minecraft:stone_pickaxe":1,"spelunkers_charm:old_miners_bundle":1,"minecraft:birch_log":21,"patchouli:guide_book":1,"mmorpg:weapon/staff/wood":2},"minecraft:custom":{"minecraft:time_since_rest":805,"minecraft:blood":0,"minecraft:magic_shield":0,"minecraft:sprint_one_cm":2249,"minecraft:damage_taken":950,"minecraft:walk_one_cm":46660,"minecraft:mob_kills":3,"minecraft:drop":54,"minecraft:dexterity":0,"minecraft:intelligence":0,"minecraft:damage_dealt":750,"minecraft:health":68,"minecraft:move_speed":0,"minecraft:interact_with_crafting_table":1,"minecraft:fly_one_cm":2168,"minecraft:crouch_one_cm":356,"minecraft:play_time":13991,"tombstone:undead_killed":2,"minecraft:deaths":2,"minecraft:sneak_time":93,"minecraft:jump":134,"minecraft:damage_dealt_resisted":140,"minecraft:energy":50,"minecraft:leave_game":6,"minecraft:time_since_death":2282,"minecraft:strength":0,"minecraft:total_world_time":13991,"minecraft:fall_one_cm":660,"minecraft:mana":50},"minecraft:mined":{"treechop:chopped_log":5,"minecraft:grass":1},"minecraft:picked_up":{"minecraft:wooden_axe":1,"minecraft:birch_log":40,"minecraft:stick":79,"minecraft:feather":1,"minecraft:chicken":1,"patchouli:guide_book":2,"minecraft:birch_planks":13,"spelunkers_charm:old_miners_bundle":1,"mmorpg:weapon/staff/wood":4,"minecraft:dirt":28,"minecraft:stone_sword":2,"minecraft:bone":2,"minecraft:arrow":4,"minecraft:rotten_flesh":2,"minecraft:bow":4,"minecraft:stone_pickaxe":1,"minecraft:birch_sapling":20,"minecraft:iron_sword":6,"minecraft:cobblestone":3},"minecraft:killed":{"hordes:zombie_player":2,"minecraft:skeleton_horse":2},"minecraft:used":{"minecraft:wooden_axe":39,"minecraft:birch_sapling":14}},"DataVersion":3465}