{
  "takesapillage:root": {
    "criteria": {
      "always": "2024-07-26 05:05:11 +0000"
    },
    "done": true
  },
  "parcool:grant_parcool_guide": {
    "criteria": {
      "tick": "2024-07-26 05:05:11 +0000"
    },
    "done": true
  },
  "occultism:occultism/root": {
    "criteria": {
      "occultism_present": "2024-07-26 05:05:11 +0000"
    },
    "done": true
  },
  "cataclysm:root": {
    "criteria": {
      "custom_test_name": "2024-07-26 05:05:11 +0000"
    },
    "done": true
  },
  "incendium:technical/new_player": {
    "criteria": {
      "requirement": "2024-07-26 05:05:11 +0000"
    },
    "done": true
  },
  "incendium:technical/using/trailblazer": {
    "criteria": {
      "log_spam_fixer": "2024-07-26 05:05:12 +0000"
    },
    "done": false
  },
  "incendium:technical/scroll_of_returning": {
    "criteria": {
      "log_spam_fixer": "2024-07-26 05:05:12 +0000"
    },
    "done": false
  },
  "minecraft:adventure/adventuring_time": {
    "criteria": {
      "minecraft:snowy_slopes": "2024-07-26 05:35:21 +0000",
      "minecraft:beach": "2024-07-26 05:05:12 +0000",
      "minecraft:forest": "2024-07-26 05:32:23 +0000",
      "minecraft:ocean": "2024-07-26 05:07:52 +0000",
      "minecraft:meadow": "2024-07-26 05:34:44 +0000",
      "minecraft:plains": "2024-07-26 05:32:54 +0000"
    },
    "done": false
  },
  "incendium:technical/using/ragnarok": {
    "criteria": {
      "log_spam_fixer": "2024-07-26 05:05:12 +0000"
    },
    "done": false
  },
  "incendium:technical/using/shield": {
    "criteria": {
      "log_spam_fixer": "2024-07-26 05:05:12 +0000"
    },
    "done": false
  },
  "tombstone:adventure/root": {
    "criteria": {
      "auto": "2024-07-26 05:05:12 +0000"
    },
    "done": true
  },
  "minecraft:story/root": {
    "criteria": {
      "crafting_table": "2024-07-26 05:06:55 +0000"
    },
    "done": true
  },
  "biomesoplenty:biomesoplenty/all_biomes": {
    "criteria": {
      "redwood_forest": "2024-07-26 05:07:24 +0000",
      "dune_beach": "2024-07-26 05:31:47 +0000"
    },
    "done": false
  },
  "biomesoplenty:biomesoplenty/root": {
    "criteria": {
      "redwood_forest": "2024-07-26 05:07:24 +0000"
    },
    "done": true
  },
  "minecraft:story/mine_stone": {
    "criteria": {
      "get_stone": "2024-07-26 05:08:44 +0000"
    },
    "done": true
  },
  "minecraft:story/upgrade_tools": {
    "criteria": {
      "stone_pickaxe": "2024-07-26 05:09:01 +0000"
    },
    "done": true
  },
  "realisticforging:the_iron_age": {
    "criteria": {
      "the_iron_age_0": "2024-07-26 05:09:17 +0000"
    },
    "done": true
  },
  "minecraft:adventure/root": {
    "criteria": {
      "killed_something": "2024-07-26 05:12:34 +0000"
    },
    "done": true
  },
  "minecraft:husbandry/root": {
    "criteria": {
      "consumed_item": "2024-07-26 05:12:45 +0000"
    },
    "done": true
  },
  "tombstone:adventure/first_grave": {
    "criteria": {
      "coded_trigger": "2024-07-26 05:13:12 +0000"
    },
    "done": true
  },
  "tombstone:recipes/from_grave_key": {
    "criteria": {
      "has_ingredient": "2024-07-26 05:13:14 +0000"
    },
    "done": true
  },
  "tombstone:adventure/cancel_ghostly_shape": {
    "criteria": {
      "coded_trigger": "2024-07-26 05:13:26 +0000"
    },
    "done": true
  },
  "tombstone:recipes/from_grave_dust": {
    "criteria": {
      "has_ingredient": "2024-07-26 05:13:47 +0000"
    },
    "done": true
  },
  "minecraft:adventure/kill_all_mobs": {
    "criteria": {
      "minecraft:drowned": "2024-07-26 05:18:56 +0000",
      "minecraft:zombie_villager": "2024-07-26 05:35:50 +0000"
    },
    "done": false
  },
  "minecraft:adventure/kill_a_mob": {
    "criteria": {
      "minecraft:drowned": "2024-07-26 05:18:56 +0000"
    },
    "done": true
  },
  "minecraft:husbandry/balanced_diet": {
    "criteria": {
      "rotten_flesh": "2024-07-26 08:17:34 +0000",
      "dried_kelp": "2024-07-26 05:22:45 +0000"
    },
    "done": false
  },
  "tombstone:adventure/find_grave_dust": {
    "criteria": {
      "from_undead": "2024-07-26 05:42:52 +0000"
    },
    "done": true
  },
  "tombstone:adventure/first_knowledge": {
    "criteria": {
      "coded_trigger": "2024-07-26 05:42:52 +0000"
    },
    "done": true
  },
  "tombstone:adventure/ashes_and_bones": {
    "criteria": {
      "coded_trigger": "2024-07-26 05:42:56 +0000"
    },
    "done": true
  },
  "minecraft:story/obtain_armor": {
    "criteria": {
      "iron_boots": "2024-07-26 06:09:45 +0000"
    },
    "done": true
  },
  "tombstone:adventure/funeral_theft": {
    "criteria": {
      "coded_trigger": "2024-07-26 06:22:39 +0000"
    },
    "done": true
  },
  "realisticforging:cleaning_raw_iron_ore_advancement": {
    "criteria": {
      "cleaning_raw_iron_ore_advancement_0": "2024-07-26 06:28:23 +0000"
    },
    "done": true
  },
  "realisticforging:two_sticks_advancements": {
    "criteria": {
      "two_sticks_advancements_0": "2024-07-26 06:30:57 +0000"
    },
    "done": true
  },
  "realisticforging:smithing_hammer_achievement": {
    "criteria": {
      "smithing_hammer_achievement_0": "2024-07-26 06:31:35 +0000"
    },
    "done": true
  },
  "realisticforging:getting_big_stone": {
    "criteria": {
      "getting_big_stone_0": "2024-07-26 06:40:34 +0000"
    },
    "done": true
  },
  "realisticforging:realistic_forging": {
    "criteria": {
      "realistic_forging_0": "2024-07-26 06:43:26 +0000"
    },
    "done": true
  },
  "minecraft:story/smelt_iron": {
    "criteria": {
      "iron": "2024-07-26 06:43:26 +0000"
    },
    "done": true
  },
  "realisticforging:hot_iron_burn": {
    "criteria": {
      "hot_iron_burn_0": "2024-07-26 06:44:34 +0000"
    },
    "done": true
  },
  "minecraft:story/iron_tools": {
    "criteria": {
      "iron_pickaxe": "2024-07-26 06:46:15 +0000"
    },
    "done": true
  },
  "tombstone:adventure/strong_or_careful": {
    "criteria": {
      "coded_trigger": "2024-07-26 07:07:13 +0000"
    },
    "done": true
  },
  "realisticforging:crafting_blacksmith_tongs_advancement": {
    "criteria": {
      "crafting_blacksmith_tongs_advancement_0": "2024-07-26 07:21:19 +0000"
    },
    "done": true
  },
  "incendium:technical/sentrys_wrath": {
    "criteria": {
      "log_spam_fixer": "2024-07-26 08:22:03 +0000"
    },
    "done": false
  },
  "incendium:technical/inventory/sentrys_wrath": {
    "criteria": {
      "log_spam_fixer": "2024-07-26 08:22:03 +0000"
    },
    "done": false
  },
  "incendium:technical/multiplex_crossbow": {
    "criteria": {
      "log_spam_fixer": "2024-07-26 08:22:03 +0000"
    },
    "done": false
  },
  "incendium:technical/firestorm": {
    "criteria": {
      "log_spam_fixer": "2024-07-26 08:22:03 +0000"
    },
    "done": false
  },
  "incendium:technical/holy_wrath": {
    "criteria": {
      "log_spam_fixer": "2024-07-26 08:22:03 +0000"
    },
    "done": false
  },
  "incendium:technical/on_block": {
    "criteria": {
      "log_spam_fixer": "2024-07-26 08:22:03 +0000"
    },
    "done": false
  },
  "incendium:technical/inventory/firestorm": {
    "criteria": {
      "log_spam_fixer": "2024-07-26 08:22:03 +0000"
    },
    "done": false
  },
  "incendium:technical/feed_ghastling": {
    "criteria": {
      "log_spam_fixer": "2024-07-26 08:22:03 +0000"
    },
    "done": false
  },
  "incendium:technical/on_inventory_change": {
    "criteria": {
      "log_spam_fixer": "2024-07-26 08:22:03 +0000"
    },
    "done": false
  },
  "incendium:technical/give_ghastling": {
    "criteria": {
      "log_spam_fixer": "2024-07-26 08:22:03 +0000"
    },
    "done": false
  },
  "incendium:technical/on_kill": {
    "criteria": {
      "log_spam_fixer": "2024-07-26 08:22:03 +0000"
    },
    "done": false
  },
  "incendium:technical/on_player_hurt": {
    "criteria": {
      "log_spam_fixer": "2024-07-26 08:22:03 +0000"
    },
    "done": false
  },
  "minecraft:story/lava_bucket": {
    "criteria": {
      "lava_bucket": "2024-07-26 07:45:53 +0000"
    },
    "done": true
  },
  "realisticforging:crafting_smithing_anvil": {
    "criteria": {
      "crafting_smithing_anvil_0": "2024-07-26 07:28:27 +0000"
    },
    "done": true
  },
  "minecraft:husbandry/plant_seed": {
    "criteria": {
      "wheat": "2024-07-26 07:34:19 +0000"
    },
    "done": true
  },
  "realisticforging:craft_iron_sword": {
    "criteria": {
      "craft_iron_sword_0": "2024-07-26 08:05:04 +0000"
    },
    "done": true
  },
  "realisticforging:craft_iron_armor": {
    "criteria": {
      "craft_iron_armor_0": "2024-07-26 07:33:56 +0000"
    },
    "done": true
  },
  "DataVersion": 3465
}